week_start,week_end,search_start,search_end,tournament_id,tournament_key,tournament_name,promotional_name,category,host_nation,host_nation_code,location,venue,start_date,end_date,dates_raw,surface,surface_code,indoor_outdoor,tournament_link,live_link,source_url,collected_at,raw_json
2026-08-03,2026-08-09,2026-08-01,2026-08-09,,J-J100-POL-2026-002,J100 Poznan,Grand Prix W. Fibak,J100,Poland,POL,Poznan,Poznan,2026-07-27,2026-08-02,27 Jul to 02 Aug 2026,Clay,C,Outdoor,https://www.itftennis.com/en/tournament/j100-poznan/pol/2026/j-j100-pol-2026-002/,,https://www.itftennis.com/tennis/api/TournamentApi/GetCalendar?circuitCode=JT&searchString=&skip=0&take=100&nationCodes=&zoneCodes=&dateFrom=2026-08-01&dateTo=2026-08-09&indoorOutdoor=&categories=&isOrderAscending=true&orderField=startDate&surfaceCodes=&singlesDrawFormat=,2026-08-03T19:13:25.194Z,"{""tournamentName"":""J100 Poznan"",""dates"":""27 Jul to 02 Aug 2026"",""location"":""Poznan"",""category"":""J100"",""prizeMoney"":"""",""liveLink"":"""",""surfaceDesc"":""Clay"",""surfaceCode"":""C"",""tourStatusCode"":null,""tourStatusDesc"":null,""indoorOrOutDoor"":""Outdoor"",""isRecognised"":false,""recognisedTournamentLink"":""/en/about-us/governance/tournament-recognition/home/"",""id"":0,""name"":""J100 Poznan"",""promotionalName"":""Grand Prix W. Fibak"",""hostNation"":""Poland"",""hostNationCode"":""POL"",""venue"":""Poznan"",""startDate"":""2026-07-27T00:00:00"",""endDate"":""2026-08-02T00:00:00"",""tournamentKey"":""J-J100-POL-2026-002"",""tennisCategoryCode"":""JT"",""tournamentLink"":""/en/tournament/j100-poznan/pol/2026/j-j100-pol-2026-002/"",""hospitality"":null,""year"":2026,""liveStreamingUrl"":""""}"
2026-08-03,2026-08-09,2026-08-01,2026-08-09,,J-J200-SUI-2026-001,J200 Basel,SWISS JUNIOR OPEN 2026,J200,Switzerland,SUI,Basel,Basel,2026-07-27,2026-08-01,27 Jul to 01 Aug 2026,Clay,C,Outdoor,https://www.itftennis.com/en/tournament/j200-basel/sui/2026/j-j200-sui-2026-001/,,https://www.itftennis.com/tennis/api/TournamentApi/GetCalendar?circuitCode=JT&searchString=&skip=0&take=100&nationCodes=&zoneCodes=&dateFrom=2026-08-01&dateTo=2026-08-09&indoorOutdoor=&categories=&isOrderAscending=true&orderField=startDate&surfaceCodes=&singlesDrawFormat=,2026-08-03T19:13:25.194Z,"{""tournamentName"":""J200 Basel"",""dates"":""27 Jul to 01 Aug 2026"",""location"":""Basel"",""category"":""J200"",""prizeMoney"":"""",""liveLink"":"""",""surfaceDesc"":""Clay"",""surfaceCode"":""C"",""tourStatusCode"":null,""tourStatusDesc"":null,""indoorOrOutDoor"":""Outdoor"",""isRecognised"":false,""recognisedTournamentLink"":""/en/about-us/governance/tournament-recognition/home/"",""id"":0,""name"":""J200 Basel"",""promotionalName"":""SWISS JUNIOR OPEN 2026"",""hostNation"":""Switzerland"",""hostNationCode"":""SUI"",""venue"":""Basel"",""startDate"":""2026-07-27T00:00:00"",""endDate"":""2026-08-01T00:00:00"",""tournamentKey"":""J-J200-SUI-2026-001"",""tennisCategoryCode"":""JT"",""tournamentLink"":""/en/tournament/j200-basel/sui/2026/j-j200-sui-2026-001/"",""hospitality"":null,""year"":2026,""liveStreamingUrl"":""""}"
2026-08-03,2026-08-09,2026-08-01,2026-08-09,,J-J30-KGZ-2026-003,J30 Cholpon-Ata,J30 Cholpon-Ata Kapriz,J30,Kyrgyzstan,KGZ,Cholpon-Ata,Cholpon-Ata,2026-07-27,2026-08-01,27 Jul to 01 Aug 2026,Clay,C,Outdoor,https://www.itftennis.com/en/tournament/j30-cholpon-ata/kgz/2026/j-j30-kgz-2026-003/,,https://www.itftennis.com/tennis/api/TournamentApi/GetCalendar?circuitCode=JT&searchString=&skip=0&take=100&nationCodes=&zoneCodes=&dateFrom=2026-08-01&dateTo=2026-08-09&indoorOutdoor=&categories=&isOrderAscending=true&orderField=startDate&surfaceCodes=&singlesDrawFormat=,2026-08-03T19:13:25.195Z,"{""tournamentName"":""J30 Cholpon-Ata"",""dates"":""27 Jul to 01 Aug 2026"",""location"":""Cholpon-Ata"",""category"":""J30"",""prizeMoney"":"""",""liveLink"":"""",""surfaceDesc"":""Clay"",""surfaceCode"":""C"",""tourStatusCode"":null,""tourStatusDesc"":null,""indoorOrOutDoor"":""Outdoor"",""isRecognised"":false,""recognisedTournamentLink"":""/en/about-us/governance/tournament-recognition/home/"",""id"":0,""name"":""J30 Cholpon-Ata"",""promotionalName"":""J30 Cholpon-Ata Kapriz"",""hostNation"":""Kyrgyzstan"",""hostNationCode"":""KGZ"",""venue"":""Cholpon-Ata"",""startDate"":""2026-07-27T00:00:00"",""endDate"":""2026-08-01T00:00:00"",""tournamentKey"":""J-J30-KGZ-2026-003"",""tennisCategoryCode"":""JT"",""tournamentLink"":""/en/tournament/j30-cholpon-ata/kgz/2026/j-j30-kgz-2026-003/"",""hospitality"":null,""year"":2026,""liveStreamingUrl"":""""}"
2026-08-03,2026-08-09,2026-08-01,2026-08-09,,J-J30-CHN-2026-007,J30 Dalian,J30 Dalian,J30,"China, P.R.",CHN,Dalian,Dalian,2026-07-27,2026-08-01,27 Jul to 01 Aug 2026,Hard,H,Outdoor,https://www.itftennis.com/en/tournament/j30-dalian/chn/2026/j-j30-chn-2026-007/,,https://www.itftennis.com/tennis/api/TournamentApi/GetCalendar?circuitCode=JT&searchString=&skip=0&take=100&nationCodes=&zoneCodes=&dateFrom=2026-08-01&dateTo=2026-08-09&indoorOutdoor=&categories=&isOrderAscending=true&orderField=startDate&surfaceCodes=&singlesDrawFormat=,2026-08-03T19:13:25.195Z,"{""tournamentName"":""J30 Dalian"",""dates"":""27 Jul to 01 Aug 2026"",""location"":""Dalian"",""category"":""J30"",""prizeMoney"":"""",""liveLink"":"""",""surfaceDesc"":""Hard"",""surfaceCode"":""H"",""tourStatusCode"":null,""tourStatusDesc"":null,""indoorOrOutDoor"":""Outdoor"",""isRecognised"":false,""recognisedTournamentLink"":""/en/about-us/governance/tournament-recognition/home/"",""id"":0,""name"":""J30 Dalian"",""promotionalName"":""J30 Dalian"",""hostNation"":""China, P.R."",""hostNationCode"":""CHN"",""venue"":""Dalian"",""startDate"":""2026-07-27T00:00:00"",""endDate"":""2026-08-01T00:00:00"",""tournamentKey"":""J-J30-CHN-2026-007"",""tennisCategoryCode"":""JT"",""tournamentLink"":""/en/tournament/j30-dalian/chn/2026/j-j30-chn-2026-007/"",""hospitality"":null,""year"":2026,""liveStreamingUrl"":""""}"
2026-08-03,2026-08-09,2026-08-01,2026-08-09,,J-J30-BEL-2026-006,J30 Hasselt,"Luxilon Summer Cup Tenkie Park 5th edition """,J30,Belgium,BEL,Hasselt,Hasselt,2026-07-27,2026-08-01,27 Jul to 01 Aug 2026,Clay,C,Outdoor,https://www.itftennis.com/en/tournament/j30-hasselt/bel/2026/j-j30-bel-2026-006/,,https://www.itftennis.com/tennis/api/TournamentApi/GetCalendar?circuitCode=JT&searchString=&skip=0&take=100&nationCodes=&zoneCodes=&dateFrom=2026-08-01&dateTo=2026-08-09&indoorOutdoor=&categories=&isOrderAscending=true&orderField=startDate&surfaceCodes=&singlesDrawFormat=,2026-08-03T19:13:25.195Z,"{""tournamentName"":""J30 Hasselt"",""dates"":""27 Jul to 01 Aug 2026"",""location"":""Hasselt"",""category"":""J30"",""prizeMoney"":"""",""liveLink"":"""",""surfaceDesc"":""Clay"",""surfaceCode"":""C"",""tourStatusCode"":null,""tourStatusDesc"":null,""indoorOrOutDoor"":""Outdoor"",""isRecognised"":false,""recognisedTournamentLink"":""/en/about-us/governance/tournament-recognition/home/"",""id"":0,""name"":""J30 Hasselt"",""promotionalName"":""Luxilon Summer Cup Tenkie Park 5th edition\t\t\t\t\t\t\t \t\t\t\t\t\t\t\""\t\t\t\t\t\t\t \t\t\t\t\t\t\t"",""hostNation"":""Belgium"",""hostNationCode"":""BEL"",""venue"":""Hasselt"",""startDate"":""2026-07-27T00:00:00"",""endDate"":""2026-08-01T00:00:00"",""tournamentKey"":""J-J30-BEL-2026-006"",""tennisCategoryCode"":""JT"",""tournamentLink"":""/en/tournament/j30-hasselt/bel/2026/j-j30-bel-2026-006/"",""hospitality"":null,""year"":2026,""liveStreamingUrl"":""""}"
2026-08-03,2026-08-09,2026-08-01,2026-08-09,,J-J30-NCA-2026-004,J30 Managua,Sport Slam Cup 2026,J30,Nicaragua,NCA,Managua,Managua,2026-07-27,2026-08-01,27 Jul to 01 Aug 2026,Hard,H,Outdoor,https://www.itftennis.com/en/tournament/j30-managua/nca/2026/j-j30-nca-2026-004/,,https://www.itftennis.com/tennis/api/TournamentApi/GetCalendar?circuitCode=JT&searchString=&skip=0&take=100&nationCodes=&zoneCodes=&dateFrom=2026-08-01&dateTo=2026-08-09&indoorOutdoor=&categories=&isOrderAscending=true&orderField=startDate&surfaceCodes=&singlesDrawFormat=,2026-08-03T19:13:25.195Z,"{""tournamentName"":""J30 Managua"",""dates"":""27 Jul to 01 Aug 2026"",""location"":""Managua"",""category"":""J30"",""prizeMoney"":"""",""liveLink"":"""",""surfaceDesc"":""Hard"",""surfaceCode"":""H"",""tourStatusCode"":null,""tourStatusDesc"":null,""indoorOrOutDoor"":""Outdoor"",""isRecognised"":false,""recognisedTournamentLink"":""/en/about-us/governance/tournament-recognition/home/"",""id"":0,""name"":""J30 Managua"",""promotionalName"":""Sport Slam Cup 2026"",""hostNation"":""Nicaragua"",""hostNationCode"":""NCA"",""venue"":""Managua"",""startDate"":""2026-07-27T00:00:00"",""endDate"":""2026-08-01T00:00:00"",""tournamentKey"":""J-J30-NCA-2026-004"",""tennisCategoryCode"":""JT"",""tournamentLink"":""/en/tournament/j30-managua/nca/2026/j-j30-nca-2026-004/"",""hospitality"":null,""year"":2026,""liveStreamingUrl"":""""}"
2026-08-03,2026-08-09,2026-08-01,2026-08-09,,J-J30-GER-2026-004,J30 Merzig,J30 Merzig,J30,Germany,GER,Merzig,Merzig,2026-07-27,2026-08-01,27 Jul to 01 Aug 2026,Clay,C,Outdoor,https://www.itftennis.com/en/tournament/j30-merzig/ger/2026/j-j30-ger-2026-004/,,https://www.itftennis.com/tennis/api/TournamentApi/GetCalendar?circuitCode=JT&searchString=&skip=0&take=100&nationCodes=&zoneCodes=&dateFrom=2026-08-01&dateTo=2026-08-09&indoorOutdoor=&categories=&isOrderAscending=true&orderField=startDate&surfaceCodes=&singlesDrawFormat=,2026-08-03T19:13:25.195Z,"{""tournamentName"":""J30 Merzig"",""dates"":""27 Jul to 01 Aug 2026"",""location"":""Merzig"",""category"":""J30"",""prizeMoney"":"""",""liveLink"":"""",""surfaceDesc"":""Clay"",""surfaceCode"":""C"",""tourStatusCode"":null,""tourStatusDesc"":null,""indoorOrOutDoor"":""Outdoor"",""isRecognised"":false,""recognisedTournamentLink"":""/en/about-us/governance/tournament-recognition/home/"",""id"":0,""name"":""J30 Merzig"",""promotionalName"":""J30 Merzig"",""hostNation"":""Germany"",""hostNationCode"":""GER"",""venue"":""Merzig"",""startDate"":""2026-07-27T00:00:00"",""endDate"":""2026-08-01T00:00:00"",""tournamentKey"":""J-J30-GER-2026-004"",""tennisCategoryCode"":""JT"",""tournamentLink"":""/en/tournament/j30-merzig/ger/2026/j-j30-ger-2026-004/"",""hospitality"":null,""year"":2026,""liveStreamingUrl"":""""}"
2026-08-03,2026-08-09,2026-08-01,2026-08-09,,J-J30-DOM-2026-003,J30 Punta Cana,J30 Punta Cana Copa Pelícano,J30,Dominican Republic,DOM,Punta Cana,Punta Cana,2026-07-27,2026-08-01,27 Jul to 01 Aug 2026,Clay,C,Outdoor,https://www.itftennis.com/en/tournament/j30-punta-cana/dom/2026/j-j30-dom-2026-003/,,https://www.itftennis.com/tennis/api/TournamentApi/GetCalendar?circuitCode=JT&searchString=&skip=0&take=100&nationCodes=&zoneCodes=&dateFrom=2026-08-01&dateTo=2026-08-09&indoorOutdoor=&categories=&isOrderAscending=true&orderField=startDate&surfaceCodes=&singlesDrawFormat=,2026-08-03T19:13:25.195Z,"{""tournamentName"":""J30 Punta Cana"",""dates"":""27 Jul to 01 Aug 2026"",""location"":""Punta Cana"",""category"":""J30"",""prizeMoney"":"""",""liveLink"":"""",""surfaceDesc"":""Clay"",""surfaceCode"":""C"",""tourStatusCode"":null,""tourStatusDesc"":null,""indoorOrOutDoor"":""Outdoor"",""isRecognised"":false,""recognisedTournamentLink"":""/en/about-us/governance/tournament-recognition/home/"",""id"":0,""name"":""J30 Punta Cana"",""promotionalName"":""J30 Punta Cana Copa Pelícano"",""hostNation"":""Dominican Republic"",""hostNationCode"":""DOM"",""venue"":""Punta Cana"",""startDate"":""2026-07-27T00:00:00"",""endDate"":""2026-08-01T00:00:00"",""tournamentKey"":""J-J30-DOM-2026-003"",""tennisCategoryCode"":""JT"",""tournamentLink"":""/en/tournament/j30-punta-cana/dom/2026/j-j30-dom-2026-003/"",""hospitality"":null,""year"":2026,""liveStreamingUrl"":""""}"
2026-08-03,2026-08-09,2026-08-01,2026-08-09,,J-J30-BUL-2026-002,J30 Sofia,J30 Dema Cup,J30,Bulgaria,BUL,Sofia,Sofia,2026-07-27,2026-08-01,27 Jul to 01 Aug 2026,Clay,C,Outdoor,https://www.itftennis.com/en/tournament/j30-sofia/bul/2026/j-j30-bul-2026-002/,,https://www.itftennis.com/tennis/api/TournamentApi/GetCalendar?circuitCode=JT&searchString=&skip=0&take=100&nationCodes=&zoneCodes=&dateFrom=2026-08-01&dateTo=2026-08-09&indoorOutdoor=&categories=&isOrderAscending=true&orderField=startDate&surfaceCodes=&singlesDrawFormat=,2026-08-03T19:13:25.195Z,"{""tournamentName"":""J30 Sofia"",""dates"":""27 Jul to 01 Aug 2026"",""location"":""Sofia"",""category"":""J30"",""prizeMoney"":"""",""liveLink"":"""",""surfaceDesc"":""Clay"",""surfaceCode"":""C"",""tourStatusCode"":null,""tourStatusDesc"":null,""indoorOrOutDoor"":""Outdoor"",""isRecognised"":false,""recognisedTournamentLink"":""/en/about-us/governance/tournament-recognition/home/"",""id"":0,""name"":""J30 Sofia"",""promotionalName"":""J30 Dema Cup"",""hostNation"":""Bulgaria"",""hostNationCode"":""BUL"",""venue"":""Sofia"",""startDate"":""2026-07-27T00:00:00"",""endDate"":""2026-08-01T00:00:00"",""tournamentKey"":""J-J30-BUL-2026-002"",""tennisCategoryCode"":""JT"",""tournamentLink"":""/en/tournament/j30-sofia/bul/2026/j-j30-bul-2026-002/"",""hospitality"":null,""year"":2026,""liveStreamingUrl"":""""}"
2026-08-03,2026-08-09,2026-08-01,2026-08-09,,J-J30-CRO-2026-004,J30 Vinkovci,J30 Vinkovci,J30,Croatia,CRO,Vinkovci,Vinkovci,2026-07-27,2026-08-01,27 Jul to 01 Aug 2026,Clay,C,Outdoor,https://www.itftennis.com/en/tournament/j30-vinkovci/cro/2026/j-j30-cro-2026-004/,,https://www.itftennis.com/tennis/api/TournamentApi/GetCalendar?circuitCode=JT&searchString=&skip=0&take=100&nationCodes=&zoneCodes=&dateFrom=2026-08-01&dateTo=2026-08-09&indoorOutdoor=&categories=&isOrderAscending=true&orderField=startDate&surfaceCodes=&singlesDrawFormat=,2026-08-03T19:13:25.195Z,"{""tournamentName"":""J30 Vinkovci"",""dates"":""27 Jul to 01 Aug 2026"",""location"":""Vinkovci"",""category"":""J30"",""prizeMoney"":"""",""liveLink"":"""",""surfaceDesc"":""Clay"",""surfaceCode"":""C"",""tourStatusCode"":null,""tourStatusDesc"":null,""indoorOrOutDoor"":""Outdoor"",""isRecognised"":false,""recognisedTournamentLink"":""/en/about-us/governance/tournament-recognition/home/"",""id"":0,""name"":""J30 Vinkovci"",""promotionalName"":""J30 Vinkovci"",""hostNation"":""Croatia"",""hostNationCode"":""CRO"",""venue"":""Vinkovci"",""startDate"":""2026-07-27T00:00:00"",""endDate"":""2026-08-01T00:00:00"",""tournamentKey"":""J-J30-CRO-2026-004"",""tennisCategoryCode"":""JT"",""tournamentLink"":""/en/tournament/j30-vinkovci/cro/2026/j-j30-cro-2026-004/"",""hospitality"":null,""year"":2026,""liveStreamingUrl"":""""}"
2026-08-03,2026-08-09,2026-08-01,2026-08-09,,J-J60-UZB-2026-003,J60 Fergana,J60 Fergana,J60,Uzbekistan,UZB,Fergana,Fergana,2026-07-27,2026-08-01,27 Jul to 01 Aug 2026,Hard,H,Outdoor,https://www.itftennis.com/en/tournament/j60-fergana/uzb/2026/j-j60-uzb-2026-003/,,https://www.itftennis.com/tennis/api/TournamentApi/GetCalendar?circuitCode=JT&searchString=&skip=0&take=100&nationCodes=&zoneCodes=&dateFrom=2026-08-01&dateTo=2026-08-09&indoorOutdoor=&categories=&isOrderAscending=true&orderField=startDate&surfaceCodes=&singlesDrawFormat=,2026-08-03T19:13:25.195Z,"{""tournamentName"":""J60 Fergana"",""dates"":""27 Jul to 01 Aug 2026"",""location"":""Fergana"",""category"":""J60"",""prizeMoney"":"""",""liveLink"":"""",""surfaceDesc"":""Hard"",""surfaceCode"":""H"",""tourStatusCode"":null,""tourStatusDesc"":null,""indoorOrOutDoor"":""Outdoor"",""isRecognised"":false,""recognisedTournamentLink"":""/en/about-us/governance/tournament-recognition/home/"",""id"":0,""name"":""J60 Fergana"",""promotionalName"":""J60 Fergana"",""hostNation"":""Uzbekistan"",""hostNationCode"":""UZB"",""venue"":""Fergana"",""startDate"":""2026-07-27T00:00:00"",""endDate"":""2026-08-01T00:00:00"",""tournamentKey"":""J-J60-UZB-2026-003"",""tennisCategoryCode"":""JT"",""tournamentLink"":""/en/tournament/j60-fergana/uzb/2026/j-j60-uzb-2026-003/"",""hospitality"":null,""year"":2026,""liveStreamingUrl"":""""}"
2026-08-03,2026-08-09,2026-08-01,2026-08-09,,J-J60-ZIM-2026-001,J60 Harare,J60 Harare,J60,Zimbabwe,ZIM,Harare,Harare,2026-07-27,2026-08-01,27 Jul to 01 Aug 2026,Hard,H,Outdoor,https://www.itftennis.com/en/tournament/j60-harare/zim/2026/j-j60-zim-2026-001/,,https://www.itftennis.com/tennis/api/TournamentApi/GetCalendar?circuitCode=JT&searchString=&skip=0&take=100&nationCodes=&zoneCodes=&dateFrom=2026-08-01&dateTo=2026-08-09&indoorOutdoor=&categories=&isOrderAscending=true&orderField=startDate&surfaceCodes=&singlesDrawFormat=,2026-08-03T19:13:25.194Z,"{""tournamentName"":""J60 Harare"",""dates"":""27 Jul to 01 Aug 2026"",""location"":""Harare"",""category"":""J60"",""prizeMoney"":"""",""liveLink"":"""",""surfaceDesc"":""Hard"",""surfaceCode"":""H"",""tourStatusCode"":null,""tourStatusDesc"":null,""indoorOrOutDoor"":""Outdoor"",""isRecognised"":false,""recognisedTournamentLink"":""/en/about-us/governance/tournament-recognition/home/"",""id"":0,""name"":""J60 Harare"",""promotionalName"":""J60 Harare"",""hostNation"":""Zimbabwe"",""hostNationCode"":""ZIM"",""venue"":""Harare"",""startDate"":""2026-07-27T00:00:00"",""endDate"":""2026-08-01T00:00:00"",""tournamentKey"":""J-J60-ZIM-2026-001"",""tennisCategoryCode"":""JT"",""tournamentLink"":""/en/tournament/j60-harare/zim/2026/j-j60-zim-2026-001/"",""hospitality"":null,""year"":2026,""liveStreamingUrl"":""""}"
2026-08-03,2026-08-09,2026-08-01,2026-08-09,,J-J60-PAR-2026-002,J60 Lambare,YACHT OPEN,J60,Paraguay,PAR,Lambare,Lambare,2026-07-27,2026-08-01,27 Jul to 01 Aug 2026,Clay,C,Outdoor,https://www.itftennis.com/en/tournament/j60-lambare/par/2026/j-j60-par-2026-002/,,https://www.itftennis.com/tennis/api/TournamentApi/GetCalendar?circuitCode=JT&searchString=&skip=0&take=100&nationCodes=&zoneCodes=&dateFrom=2026-08-01&dateTo=2026-08-09&indoorOutdoor=&categories=&isOrderAscending=true&orderField=startDate&surfaceCodes=&singlesDrawFormat=,2026-08-03T19:13:25.194Z,"{""tournamentName"":""J60 Lambare"",""dates"":""27 Jul to 01 Aug 2026"",""location"":""Lambare"",""category"":""J60"",""prizeMoney"":"""",""liveLink"":"""",""surfaceDesc"":""Clay"",""surfaceCode"":""C"",""tourStatusCode"":null,""tourStatusDesc"":null,""indoorOrOutDoor"":""Outdoor"",""isRecognised"":false,""recognisedTournamentLink"":""/en/about-us/governance/tournament-recognition/home/"",""id"":0,""name"":""J60 Lambare"",""promotionalName"":""YACHT OPEN"",""hostNation"":""Paraguay"",""hostNationCode"":""PAR"",""venue"":""Lambare"",""startDate"":""2026-07-27T00:00:00"",""endDate"":""2026-08-01T00:00:00"",""tournamentKey"":""J-J60-PAR-2026-002"",""tennisCategoryCode"":""JT"",""tournamentLink"":""/en/tournament/j60-lambare/par/2026/j-j60-par-2026-002/"",""hospitality"":null,""year"":2026,""liveStreamingUrl"":""""}"
2026-08-03,2026-08-09,2026-08-01,2026-08-09,,J-J60-POR-2026-003,J60 Leiria,XXXI INTERNACIONAL JUNIOR LEIRIA,J60,Portugal,POR,Leiria,Leiria,2026-07-27,2026-08-01,27 Jul to 01 Aug 2026,Clay,C,Outdoor,https://www.itftennis.com/en/tournament/j60-leiria/por/2026/j-j60-por-2026-003/,,https://www.itftennis.com/tennis/api/TournamentApi/GetCalendar?circuitCode=JT&searchString=&skip=0&take=100&nationCodes=&zoneCodes=&dateFrom=2026-08-01&dateTo=2026-08-09&indoorOutdoor=&categories=&isOrderAscending=true&orderField=startDate&surfaceCodes=&singlesDrawFormat=,2026-08-03T19:13:25.195Z,"{""tournamentName"":""J60 Leiria"",""dates"":""27 Jul to 01 Aug 2026"",""location"":""Leiria"",""category"":""J60"",""prizeMoney"":"""",""liveLink"":"""",""surfaceDesc"":""Clay"",""surfaceCode"":""C"",""tourStatusCode"":null,""tourStatusDesc"":null,""indoorOrOutDoor"":""Outdoor"",""isRecognised"":false,""recognisedTournamentLink"":""/en/about-us/governance/tournament-recognition/home/"",""id"":0,""name"":""J60 Leiria"",""promotionalName"":""XXXI  INTERNACIONAL JUNIOR LEIRIA"",""hostNation"":""Portugal"",""hostNationCode"":""POR"",""venue"":""Leiria"",""startDate"":""2026-07-27T00:00:00"",""endDate"":""2026-08-01T00:00:00"",""tournamentKey"":""J-J60-POR-2026-003"",""tennisCategoryCode"":""JT"",""tournamentLink"":""/en/tournament/j60-leiria/por/2026/j-j60-por-2026-003/"",""hospitality"":null,""year"":2026,""liveStreamingUrl"":""""}"
2026-08-03,2026-08-09,2026-08-01,2026-08-09,,J-J60-USA-2026-004,J60 Medford,J60 Medford,J60,USA,USA,Medford,Medford,2026-07-27,2026-08-01,27 Jul to 01 Aug 2026,Hard,H,Outdoor,https://www.itftennis.com/en/tournament/j60-medford/usa/2026/j-j60-usa-2026-004/,,https://www.itftennis.com/tennis/api/TournamentApi/GetCalendar?circuitCode=JT&searchString=&skip=0&take=100&nationCodes=&zoneCodes=&dateFrom=2026-08-01&dateTo=2026-08-09&indoorOutdoor=&categories=&isOrderAscending=true&orderField=startDate&surfaceCodes=&singlesDrawFormat=,2026-08-03T19:13:25.195Z,"{""tournamentName"":""J60 Medford"",""dates"":""27 Jul to 01 Aug 2026"",""location"":""Medford"",""category"":""J60"",""prizeMoney"":"""",""liveLink"":"""",""surfaceDesc"":""Hard"",""surfaceCode"":""H"",""tourStatusCode"":null,""tourStatusDesc"":null,""indoorOrOutDoor"":""Outdoor"",""isRecognised"":false,""recognisedTournamentLink"":""/en/about-us/governance/tournament-recognition/home/"",""id"":0,""name"":""J60 Medford"",""promotionalName"":""J60 Medford"",""hostNation"":""USA"",""hostNationCode"":""USA"",""venue"":""Medford"",""startDate"":""2026-07-27T00:00:00"",""endDate"":""2026-08-01T00:00:00"",""tournamentKey"":""J-J60-USA-2026-004"",""tennisCategoryCode"":""JT"",""tournamentLink"":""/en/tournament/j60-medford/usa/2026/j-j60-usa-2026-004/"",""hospitality"":null,""year"":2026,""liveStreamingUrl"":""""}"
2026-08-03,2026-08-09,2026-08-01,2026-08-09,,J-J60-SLO-2026-002,J60 Radomlje,J60 PUTR RADOMLJE OPEN,J60,Slovenia,SLO,RADOMLJE,RADOMLJE,2026-07-27,2026-08-01,27 Jul to 01 Aug 2026,Clay,C,Outdoor,https://www.itftennis.com/en/tournament/j60-radomlje/slo/2026/j-j60-slo-2026-002/,,https://www.itftennis.com/tennis/api/TournamentApi/GetCalendar?circuitCode=JT&searchString=&skip=0&take=100&nationCodes=&zoneCodes=&dateFrom=2026-08-01&dateTo=2026-08-09&indoorOutdoor=&categories=&isOrderAscending=true&orderField=startDate&surfaceCodes=&singlesDrawFormat=,2026-08-03T19:13:25.194Z,"{""tournamentName"":""J60 Radomlje"",""dates"":""27 Jul to 01 Aug 2026"",""location"":""RADOMLJE"",""category"":""J60"",""prizeMoney"":"""",""liveLink"":"""",""surfaceDesc"":""Clay"",""surfaceCode"":""C"",""tourStatusCode"":null,""tourStatusDesc"":null,""indoorOrOutDoor"":""Outdoor"",""isRecognised"":false,""recognisedTournamentLink"":""/en/about-us/governance/tournament-recognition/home/"",""id"":0,""name"":""J60 Radomlje"",""promotionalName"":""J60 PUTR RADOMLJE OPEN"",""hostNation"":""Slovenia"",""hostNationCode"":""SLO"",""venue"":""RADOMLJE"",""startDate"":""2026-07-27T00:00:00"",""endDate"":""2026-08-01T00:00:00"",""tournamentKey"":""J-J60-SLO-2026-002"",""tennisCategoryCode"":""JT"",""tournamentLink"":""/en/tournament/j60-radomlje/slo/2026/j-j60-slo-2026-002/"",""hospitality"":null,""year"":2026,""liveStreamingUrl"":""""}"
2026-08-03,2026-08-09,2026-08-01,2026-08-09,,J-J60-LUX-2026-004,J60 Schifflange,TELKEA OPEN 2026,J60,Luxembourg,LUX,Schifflange,Schifflange,2026-07-27,2026-08-01,27 Jul to 01 Aug 2026,Clay,C,Outdoor,https://www.itftennis.com/en/tournament/j60-schifflange/lux/2026/j-j60-lux-2026-004/,,https://www.itftennis.com/tennis/api/TournamentApi/GetCalendar?circuitCode=JT&searchString=&skip=0&take=100&nationCodes=&zoneCodes=&dateFrom=2026-08-01&dateTo=2026-08-09&indoorOutdoor=&categories=&isOrderAscending=true&orderField=startDate&surfaceCodes=&singlesDrawFormat=,2026-08-03T19:13:25.195Z,"{""tournamentName"":""J60 Schifflange"",""dates"":""27 Jul to 01 Aug 2026"",""location"":""Schifflange"",""category"":""J60"",""prizeMoney"":"""",""liveLink"":"""",""surfaceDesc"":""Clay"",""surfaceCode"":""C"",""tourStatusCode"":null,""tourStatusDesc"":null,""indoorOrOutDoor"":""Outdoor"",""isRecognised"":false,""recognisedTournamentLink"":""/en/about-us/governance/tournament-recognition/home/"",""id"":0,""name"":""J60 Schifflange"",""promotionalName"":""TELKEA OPEN 2026"",""hostNation"":""Luxembourg"",""hostNationCode"":""LUX"",""venue"":""Schifflange"",""startDate"":""2026-07-27T00:00:00"",""endDate"":""2026-08-01T00:00:00"",""tournamentKey"":""J-J60-LUX-2026-004"",""tennisCategoryCode"":""JT"",""tournamentLink"":""/en/tournament/j60-schifflange/lux/2026/j-j60-lux-2026-004/"",""hospitality"":null,""year"":2026,""liveStreamingUrl"":""""}"
2026-08-03,2026-08-09,2026-08-01,2026-08-09,,J-J60-SVK-2026-001,J60 Zilina,"ITF WTT J60"" Zilina Open U18 2026""",J60,Slovakia,SVK,Zilina,Zilina,2026-07-27,2026-08-01,27 Jul to 01 Aug 2026,Clay,C,Outdoor,https://www.itftennis.com/en/tournament/j60-zilina/svk/2026/j-j60-svk-2026-001/,,https://www.itftennis.com/tennis/api/TournamentApi/GetCalendar?circuitCode=JT&searchString=&skip=0&take=100&nationCodes=&zoneCodes=&dateFrom=2026-08-01&dateTo=2026-08-09&indoorOutdoor=&categories=&isOrderAscending=true&orderField=startDate&surfaceCodes=&singlesDrawFormat=,2026-08-03T19:13:25.195Z,"{""tournamentName"":""J60 Zilina"",""dates"":""27 Jul to 01 Aug 2026"",""location"":""Zilina"",""category"":""J60"",""prizeMoney"":"""",""liveLink"":"""",""surfaceDesc"":""Clay"",""surfaceCode"":""C"",""tourStatusCode"":null,""tourStatusDesc"":null,""indoorOrOutDoor"":""Outdoor"",""isRecognised"":false,""recognisedTournamentLink"":""/en/about-us/governance/tournament-recognition/home/"",""id"":0,""name"":""J60 Zilina"",""promotionalName"":""ITF WTT J60\"" Zilina Open U18 2026\"""",""hostNation"":""Slovakia"",""hostNationCode"":""SVK"",""venue"":""Zilina"",""startDate"":""2026-07-27T00:00:00"",""endDate"":""2026-08-01T00:00:00"",""tournamentKey"":""J-J60-SVK-2026-001"",""tennisCategoryCode"":""JT"",""tournamentLink"":""/en/tournament/j60-zilina/svk/2026/j-j60-svk-2026-001/"",""hospitality"":null,""year"":2026,""liveStreamingUrl"":""""}"
2026-08-03,2026-08-09,2026-08-01,2026-08-09,,J-J30-GBR-2026-006,J30 Bradfield,Lexus Junior International - Bradfield,J30,Great Britain,GBR,Bradfield,Bradfield,2026-07-28,2026-08-02,28 Jul to 02 Aug 2026,Clay,C,Outdoor,https://www.itftennis.com/en/tournament/j30-bradfield/gbr/2026/j-j30-gbr-2026-006/,,https://www.itftennis.com/tennis/api/TournamentApi/GetCalendar?circuitCode=JT&searchString=&skip=0&take=100&nationCodes=&zoneCodes=&dateFrom=2026-08-01&dateTo=2026-08-09&indoorOutdoor=&categories=&isOrderAscending=true&orderField=startDate&surfaceCodes=&singlesDrawFormat=,2026-08-03T19:13:25.195Z,"{""tournamentName"":""J30 Bradfield"",""dates"":""28 Jul to 02 Aug 2026"",""location"":""Bradfield"",""category"":""J30"",""prizeMoney"":"""",""liveLink"":"""",""surfaceDesc"":""Clay"",""surfaceCode"":""C"",""tourStatusCode"":null,""tourStatusDesc"":null,""indoorOrOutDoor"":""Outdoor"",""isRecognised"":false,""recognisedTournamentLink"":""/en/about-us/governance/tournament-recognition/home/"",""id"":0,""name"":""J30 Bradfield"",""promotionalName"":""Lexus Junior International - Bradfield"",""hostNation"":""Great Britain"",""hostNationCode"":""GBR"",""venue"":""Bradfield"",""startDate"":""2026-07-28T00:00:00"",""endDate"":""2026-08-02T00:00:00"",""tournamentKey"":""J-J30-GBR-2026-006"",""tennisCategoryCode"":""JT"",""tournamentLink"":""/en/tournament/j30-bradfield/gbr/2026/j-j30-gbr-2026-006/"",""hospitality"":null,""year"":2026,""liveStreamingUrl"":""""}"
2026-08-03,2026-08-09,2026-08-01,2026-08-09,,J-J30-ANG-2026-001,J30 Luanda,J30 Luanda,J30,Angola,ANG,Luanda,Luanda,2026-07-28,2026-08-02,28 Jul to 02 Aug 2026,Hard,H,Outdoor,https://www.itftennis.com/en/tournament/j30-luanda/ang/2026/j-j30-ang-2026-001/,,https://www.itftennis.com/tennis/api/TournamentApi/GetCalendar?circuitCode=JT&searchString=&skip=0&take=100&nationCodes=&zoneCodes=&dateFrom=2026-08-01&dateTo=2026-08-09&indoorOutdoor=&categories=&isOrderAscending=true&orderField=startDate&surfaceCodes=&singlesDrawFormat=,2026-08-03T19:13:25.195Z,"{""tournamentName"":""J30 Luanda"",""dates"":""28 Jul to 02 Aug 2026"",""location"":""Luanda"",""category"":""J30"",""prizeMoney"":"""",""liveLink"":"""",""surfaceDesc"":""Hard"",""surfaceCode"":""H"",""tourStatusCode"":null,""tourStatusDesc"":null,""indoorOrOutDoor"":""Outdoor"",""isRecognised"":false,""recognisedTournamentLink"":""/en/about-us/governance/tournament-recognition/home/"",""id"":0,""name"":""J30 Luanda"",""promotionalName"":""J30 Luanda"",""hostNation"":""Angola"",""hostNationCode"":""ANG"",""venue"":""Luanda"",""startDate"":""2026-07-28T00:00:00"",""endDate"":""2026-08-02T00:00:00"",""tournamentKey"":""J-J30-ANG-2026-001"",""tennisCategoryCode"":""JT"",""tournamentLink"":""/en/tournament/j30-luanda/ang/2026/j-j30-ang-2026-001/"",""hospitality"":null,""year"":2026,""liveStreamingUrl"":""""}"
2026-08-03,2026-08-09,2026-08-01,2026-08-09,,J-J60-MAS-2026-001,J60 Ipoh Perak,"ITF WORLD TENNIS TOUR JUNIORS J60, IPOH PERAK 2026",J60,Malaysia,MAS,Ipoh Perak,Ipoh Perak,2026-07-28,2026-08-02,28 Jul to 02 Aug 2026,Hard,H,Outdoor,https://www.itftennis.com/en/tournament/j60-ipoh-perak/mas/2026/j-j60-mas-2026-001/,,https://www.itftennis.com/tennis/api/TournamentApi/GetCalendar?circuitCode=JT&searchString=&skip=0&take=100&nationCodes=&zoneCodes=&dateFrom=2026-08-01&dateTo=2026-08-09&indoorOutdoor=&categories=&isOrderAscending=true&orderField=startDate&surfaceCodes=&singlesDrawFormat=,2026-08-03T19:13:25.195Z,"{""tournamentName"":""J60 Ipoh Perak"",""dates"":""28 Jul to 02 Aug 2026"",""location"":""Ipoh Perak"",""category"":""J60"",""prizeMoney"":"""",""liveLink"":"""",""surfaceDesc"":""Hard"",""surfaceCode"":""H"",""tourStatusCode"":null,""tourStatusDesc"":null,""indoorOrOutDoor"":""Outdoor"",""isRecognised"":false,""recognisedTournamentLink"":""/en/about-us/governance/tournament-recognition/home/"",""id"":0,""name"":""J60 Ipoh Perak"",""promotionalName"":""ITF WORLD TENNIS TOUR JUNIORS J60, IPOH PERAK 2026"",""hostNation"":""Malaysia"",""hostNationCode"":""MAS"",""venue"":""Ipoh Perak"",""startDate"":""2026-07-28T00:00:00"",""endDate"":""2026-08-02T00:00:00"",""tournamentKey"":""J-J60-MAS-2026-001"",""tennisCategoryCode"":""JT"",""tournamentLink"":""/en/tournament/j60-ipoh-perak/mas/2026/j-j60-mas-2026-001/"",""hospitality"":null,""year"":2026,""liveStreamingUrl"":""""}"
2026-08-03,2026-08-09,2026-08-01,2026-08-09,,J-J60-PHI-2026-002,J60 Manila,Oscar J. Hilado J60 ITF Tennis Tournament - Week 2,J60,Philippines,PHI,Manila,Manila,2026-07-28,2026-08-02,28 Jul to 02 Aug 2026,Hard,H,Outdoor,https://www.itftennis.com/en/tournament/j60-manila/phi/2026/j-j60-phi-2026-002/,,https://www.itftennis.com/tennis/api/TournamentApi/GetCalendar?circuitCode=JT&searchString=&skip=0&take=100&nationCodes=&zoneCodes=&dateFrom=2026-08-01&dateTo=2026-08-09&indoorOutdoor=&categories=&isOrderAscending=true&orderField=startDate&surfaceCodes=&singlesDrawFormat=,2026-08-03T19:13:25.195Z,"{""tournamentName"":""J60 Manila"",""dates"":""28 Jul to 02 Aug 2026"",""location"":""Manila"",""category"":""J60"",""prizeMoney"":"""",""liveLink"":"""",""surfaceDesc"":""Hard"",""surfaceCode"":""H"",""tourStatusCode"":null,""tourStatusDesc"":null,""indoorOrOutDoor"":""Outdoor"",""isRecognised"":false,""recognisedTournamentLink"":""/en/about-us/governance/tournament-recognition/home/"",""id"":0,""name"":""J60 Manila"",""promotionalName"":""Oscar J. Hilado J60 ITF Tennis Tournament - Week 2"",""hostNation"":""Philippines"",""hostNationCode"":""PHI"",""venue"":""Manila"",""startDate"":""2026-07-28T00:00:00"",""endDate"":""2026-08-02T00:00:00"",""tournamentKey"":""J-J60-PHI-2026-002"",""tennisCategoryCode"":""JT"",""tournamentLink"":""/en/tournament/j60-manila/phi/2026/j-j60-phi-2026-002/"",""hospitality"":null,""year"":2026,""liveStreamingUrl"":""""}"
2026-08-03,2026-08-09,2026-08-01,2026-08-09,,J-J60-ESP-2026-009,J60 Valldoreix,ITF JUNIOR BTT TENNIS ACADEMY,J60,Spain,ESP,Valldoreix,Valldoreix,2026-07-28,2026-08-02,28 Jul to 02 Aug 2026,Clay,C,Outdoor,https://www.itftennis.com/en/tournament/j60-valldoreix/esp/2026/j-j60-esp-2026-009/,,https://www.itftennis.com/tennis/api/TournamentApi/GetCalendar?circuitCode=JT&searchString=&skip=0&take=100&nationCodes=&zoneCodes=&dateFrom=2026-08-01&dateTo=2026-08-09&indoorOutdoor=&categories=&isOrderAscending=true&orderField=startDate&surfaceCodes=&singlesDrawFormat=,2026-08-03T19:13:25.195Z,"{""tournamentName"":""J60 Valldoreix"",""dates"":""28 Jul to 02 Aug 2026"",""location"":""Valldoreix"",""category"":""J60"",""prizeMoney"":"""",""liveLink"":"""",""surfaceDesc"":""Clay"",""surfaceCode"":""C"",""tourStatusCode"":null,""tourStatusDesc"":null,""indoorOrOutDoor"":""Outdoor"",""isRecognised"":false,""recognisedTournamentLink"":""/en/about-us/governance/tournament-recognition/home/"",""id"":0,""name"":""J60 Valldoreix"",""promotionalName"":""ITF JUNIOR BTT TENNIS ACADEMY"",""hostNation"":""Spain"",""hostNationCode"":""ESP"",""venue"":""Valldoreix"",""startDate"":""2026-07-28T00:00:00"",""endDate"":""2026-08-02T00:00:00"",""tournamentKey"":""J-J60-ESP-2026-009"",""tennisCategoryCode"":""JT"",""tournamentLink"":""/en/tournament/j60-valldoreix/esp/2026/j-j60-esp-2026-009/"",""hospitality"":null,""year"":2026,""liveStreamingUrl"":""""}"
2026-08-03,2026-08-09,2026-08-01,2026-08-09,,J-GC-CZE-01A-2026,2026 World Tennis 14&U Junior Team Finals (Boys),2026 World Tennis 14&U Junior Team Finals (Boys),GC,Czechia,CZE,Prostejov,Prostejov,2026-08-03,2026-08-08,03 Aug to 08 Aug 2026,Clay,C,Outdoor,https://www.itftennis.com/en/tournament/2026-world-tennis-14u-junior-team-finals-(boys)/cze/2026/j-gc-cze-01a-2026/,https://wjtf.cz/,https://www.itftennis.com/tennis/api/TournamentApi/GetCalendar?circuitCode=JT&searchString=&skip=0&take=100&nationCodes=&zoneCodes=&dateFrom=2026-08-01&dateTo=2026-08-09&indoorOutdoor=&categories=&isOrderAscending=true&orderField=startDate&surfaceCodes=&singlesDrawFormat=,2026-08-03T19:13:25.195Z,"{""tournamentName"":""2026 World Tennis 14&U Junior Team Finals (Boys)"",""dates"":""03 Aug to 08 Aug 2026"",""location"":""Prostejov"",""category"":""GC"",""prizeMoney"":"""",""liveLink"":""https://wjtf.cz/"",""surfaceDesc"":""Clay"",""surfaceCode"":""C"",""tourStatusCode"":null,""tourStatusDesc"":null,""indoorOrOutDoor"":""Outdoor"",""isRecognised"":false,""recognisedTournamentLink"":""/en/about-us/governance/tournament-recognition/home/"",""id"":0,""name"":""2026 World Tennis 14&U Junior Team Finals (Boys)"",""promotionalName"":""2026 World Tennis 14&U Junior Team Finals (Boys)"",""hostNation"":""Czechia"",""hostNationCode"":""CZE"",""venue"":""Prostejov"",""startDate"":""2026-08-03T00:00:00"",""endDate"":""2026-08-08T00:00:00"",""tournamentKey"":""J-GC-CZE-01A-2026"",""tennisCategoryCode"":""JT"",""tournamentLink"":""/en/tournament/2026-world-tennis-14u-junior-team-finals-(boys)/cze/2026/j-gc-cze-01a-2026/"",""hospitality"":null,""year"":2026,""liveStreamingUrl"":""https://video.worldtennistourjuniors.com/en""}"
2026-08-03,2026-08-09,2026-08-01,2026-08-09,,J-GC-CZE-02A-2026,2026 World Tennis 14&U Junior Team Finals (Girls),2026 World Tennis 14&U Junior Team Finals (Girls),GC,Czechia,CZE,Prostejov,Prostejov,2026-08-03,2026-08-08,03 Aug to 08 Aug 2026,Clay,C,Outdoor,https://www.itftennis.com/en/tournament/2026-world-tennis-14u-junior-team-finals-(girls)/cze/2026/j-gc-cze-02a-2026/,https://wjtf.cz/,https://www.itftennis.com/tennis/api/TournamentApi/GetCalendar?circuitCode=JT&searchString=&skip=0&take=100&nationCodes=&zoneCodes=&dateFrom=2026-08-01&dateTo=2026-08-09&indoorOutdoor=&categories=&isOrderAscending=true&orderField=startDate&surfaceCodes=&singlesDrawFormat=,2026-08-03T19:13:25.195Z,"{""tournamentName"":""2026 World Tennis 14&U Junior Team Finals (Girls)"",""dates"":""03 Aug to 08 Aug 2026"",""location"":""Prostejov"",""category"":""GC"",""prizeMoney"":"""",""liveLink"":""https://wjtf.cz/"",""surfaceDesc"":""Clay"",""surfaceCode"":""C"",""tourStatusCode"":null,""tourStatusDesc"":null,""indoorOrOutDoor"":""Outdoor"",""isRecognised"":false,""recognisedTournamentLink"":""/en/about-us/governance/tournament-recognition/home/"",""id"":0,""name"":""2026 World Tennis 14&U Junior Team Finals (Girls)"",""promotionalName"":""2026 World Tennis 14&U Junior Team Finals (Girls)"",""hostNation"":""Czechia"",""hostNationCode"":""CZE"",""venue"":""Prostejov"",""startDate"":""2026-08-03T00:00:00"",""endDate"":""2026-08-08T00:00:00"",""tournamentKey"":""J-GC-CZE-02A-2026"",""tennisCategoryCode"":""JT"",""tournamentLink"":""/en/tournament/2026-world-tennis-14u-junior-team-finals-(girls)/cze/2026/j-gc-cze-02a-2026/"",""hospitality"":null,""year"":2026,""liveStreamingUrl"":""https://video.worldtennistourjuniors.com/en""}"
2026-08-03,2026-08-09,2026-08-01,2026-08-09,,J-J100-EGY-2026-002,J100 Cairo,EGY 12 ITF Smash Junior Tournament J100,J100,Egypt,EGY,Cairo,Cairo,2026-08-03,2026-08-08,03 Aug to 08 Aug 2026,Clay,C,Outdoor,https://www.itftennis.com/en/tournament/j100-cairo/egy/2026/j-j100-egy-2026-002/,,https://www.itftennis.com/tennis/api/TournamentApi/GetCalendar?circuitCode=JT&searchString=&skip=0&take=100&nationCodes=&zoneCodes=&dateFrom=2026-08-01&dateTo=2026-08-09&indoorOutdoor=&categories=&isOrderAscending=true&orderField=startDate&surfaceCodes=&singlesDrawFormat=,2026-08-03T19:13:25.195Z,"{""tournamentName"":""J100 Cairo"",""dates"":""03 Aug to 08 Aug 2026"",""location"":""Cairo"",""category"":""J100"",""prizeMoney"":"""",""liveLink"":"""",""surfaceDesc"":""Clay"",""surfaceCode"":""C"",""tourStatusCode"":null,""tourStatusDesc"":null,""indoorOrOutDoor"":""Outdoor"",""isRecognised"":false,""recognisedTournamentLink"":""/en/about-us/governance/tournament-recognition/home/"",""id"":0,""name"":""J100 Cairo"",""promotionalName"":""EGY 12 ITF Smash Junior Tournament J100"",""hostNation"":""Egypt"",""hostNationCode"":""EGY"",""venue"":""Cairo"",""startDate"":""2026-08-03T00:00:00"",""endDate"":""2026-08-08T00:00:00"",""tournamentKey"":""J-J100-EGY-2026-002"",""tennisCategoryCode"":""JT"",""tournamentLink"":""/en/tournament/j100-cairo/egy/2026/j-j100-egy-2026-002/"",""hospitality"":null,""year"":2026,""liveStreamingUrl"":""""}"
2026-08-03,2026-08-09,2026-08-01,2026-08-09,,J-J100-UZB-2026-001,J100 Fergana,Fergana Cup,J100,Uzbekistan,UZB,Fergana,Fergana,2026-08-03,2026-08-08,03 Aug to 08 Aug 2026,Hard,H,Outdoor,https://www.itftennis.com/en/tournament/j100-fergana/uzb/2026/j-j100-uzb-2026-001/,,https://www.itftennis.com/tennis/api/TournamentApi/GetCalendar?circuitCode=JT&searchString=&skip=0&take=100&nationCodes=&zoneCodes=&dateFrom=2026-08-01&dateTo=2026-08-09&indoorOutdoor=&categories=&isOrderAscending=true&orderField=startDate&surfaceCodes=&singlesDrawFormat=,2026-08-03T19:13:25.195Z,"{""tournamentName"":""J100 Fergana"",""dates"":""03 Aug to 08 Aug 2026"",""location"":""Fergana"",""category"":""J100"",""prizeMoney"":"""",""liveLink"":"""",""surfaceDesc"":""Hard"",""surfaceCode"":""H"",""tourStatusCode"":null,""tourStatusDesc"":null,""indoorOrOutDoor"":""Outdoor"",""isRecognised"":false,""recognisedTournamentLink"":""/en/about-us/governance/tournament-recognition/home/"",""id"":0,""name"":""J100 Fergana"",""promotionalName"":""Fergana Cup"",""hostNation"":""Uzbekistan"",""hostNationCode"":""UZB"",""venue"":""Fergana"",""startDate"":""2026-08-03T00:00:00"",""endDate"":""2026-08-08T00:00:00"",""tournamentKey"":""J-J100-UZB-2026-001"",""tennisCategoryCode"":""JT"",""tournamentLink"":""/en/tournament/j100-fergana/uzb/2026/j-j100-uzb-2026-001/"",""hospitality"":null,""year"":2026,""liveStreamingUrl"":""""}"
2026-08-03,2026-08-09,2026-08-01,2026-08-09,,J-J100-ZIM-2026-001,J100 Harare,J100 Harare,J100,Zimbabwe,ZIM,Harare,Harare,2026-08-03,2026-08-08,03 Aug to 08 Aug 2026,Hard,H,Outdoor,https://www.itftennis.com/en/tournament/j100-harare/zim/2026/j-j100-zim-2026-001/,,https://www.itftennis.com/tennis/api/TournamentApi/GetCalendar?circuitCode=JT&searchString=&skip=0&take=100&nationCodes=&zoneCodes=&dateFrom=2026-08-01&dateTo=2026-08-09&indoorOutdoor=&categories=&isOrderAscending=true&orderField=startDate&surfaceCodes=&singlesDrawFormat=,2026-08-03T19:13:25.195Z,"{""tournamentName"":""J100 Harare"",""dates"":""03 Aug to 08 Aug 2026"",""location"":""Harare"",""category"":""J100"",""prizeMoney"":"""",""liveLink"":"""",""surfaceDesc"":""Hard"",""surfaceCode"":""H"",""tourStatusCode"":null,""tourStatusDesc"":null,""indoorOrOutDoor"":""Outdoor"",""isRecognised"":false,""recognisedTournamentLink"":""/en/about-us/governance/tournament-recognition/home/"",""id"":0,""name"":""J100 Harare"",""promotionalName"":""J100 Harare"",""hostNation"":""Zimbabwe"",""hostNationCode"":""ZIM"",""venue"":""Harare"",""startDate"":""2026-08-03T00:00:00"",""endDate"":""2026-08-08T00:00:00"",""tournamentKey"":""J-J100-ZIM-2026-001"",""tennisCategoryCode"":""JT"",""tournamentLink"":""/en/tournament/j100-harare/zim/2026/j-j100-zim-2026-001/"",""hospitality"":null,""year"":2026,""liveStreamingUrl"":""""}"
2026-08-03,2026-08-09,2026-08-01,2026-08-09,,J-J100-TUR-2026-006,J100 Istanbul,SOUL CUP I- J100,J100,Turkiye,TUR,Istanbul,Istanbul,2026-08-03,2026-08-09,03 Aug to 09 Aug 2026,Hard,H,Outdoor,https://www.itftennis.com/en/tournament/j100-istanbul/tur/2026/j-j100-tur-2026-006/,,https://www.itftennis.com/tennis/api/TournamentApi/GetCalendar?circuitCode=JT&searchString=&skip=0&take=100&nationCodes=&zoneCodes=&dateFrom=2026-08-01&dateTo=2026-08-09&indoorOutdoor=&categories=&isOrderAscending=true&orderField=startDate&surfaceCodes=&singlesDrawFormat=,2026-08-03T19:13:25.195Z,"{""tournamentName"":""J100 Istanbul"",""dates"":""03 Aug to 09 Aug 2026"",""location"":""Istanbul"",""category"":""J100"",""prizeMoney"":"""",""liveLink"":"""",""surfaceDesc"":""Hard"",""surfaceCode"":""H"",""tourStatusCode"":null,""tourStatusDesc"":null,""indoorOrOutDoor"":""Outdoor"",""isRecognised"":false,""recognisedTournamentLink"":""/en/about-us/governance/tournament-recognition/home/"",""id"":0,""name"":""J100 Istanbul"",""promotionalName"":""SOUL CUP I- J100\t\t\t\t\t\t\t \t\t\t\t\t\t\t"",""hostNation"":""Turkiye"",""hostNationCode"":""TUR"",""venue"":""Istanbul"",""startDate"":""2026-08-03T00:00:00"",""endDate"":""2026-08-09T00:00:00"",""tournamentKey"":""J-J100-TUR-2026-006"",""tennisCategoryCode"":""JT"",""tournamentLink"":""/en/tournament/j100-istanbul/tur/2026/j-j100-tur-2026-006/"",""hospitality"":null,""year"":2026,""liveStreamingUrl"":""""}"
2026-08-03,2026-08-09,2026-08-01,2026-08-09,,J-J100-BEL-2026-001,J100 Maaseik,ITF Juniors Open Maaseik,J100,Belgium,BEL,Maaseik,Maaseik,2026-08-03,2026-08-08,03 Aug to 08 Aug 2026,Clay,C,Outdoor,https://www.itftennis.com/en/tournament/j100-maaseik/bel/2026/j-j100-bel-2026-001/,,https://www.itftennis.com/tennis/api/TournamentApi/GetCalendar?circuitCode=JT&searchString=&skip=0&take=100&nationCodes=&zoneCodes=&dateFrom=2026-08-01&dateTo=2026-08-09&indoorOutdoor=&categories=&isOrderAscending=true&orderField=startDate&surfaceCodes=&singlesDrawFormat=,2026-08-03T19:13:25.195Z,"{""tournamentName"":""J100 Maaseik"",""dates"":""03 Aug to 08 Aug 2026"",""location"":""Maaseik"",""category"":""J100"",""prizeMoney"":"""",""liveLink"":"""",""surfaceDesc"":""Clay"",""surfaceCode"":""C"",""tourStatusCode"":null,""tourStatusDesc"":null,""indoorOrOutDoor"":""Outdoor"",""isRecognised"":false,""recognisedTournamentLink"":""/en/about-us/governance/tournament-recognition/home/"",""id"":0,""name"":""J100 Maaseik"",""promotionalName"":""ITF Juniors Open Maaseik"",""hostNation"":""Belgium"",""hostNationCode"":""BEL"",""venue"":""Maaseik"",""startDate"":""2026-08-03T00:00:00"",""endDate"":""2026-08-08T00:00:00"",""tournamentKey"":""J-J100-BEL-2026-001"",""tennisCategoryCode"":""JT"",""tournamentLink"":""/en/tournament/j100-maaseik/bel/2026/j-j100-bel-2026-001/"",""hospitality"":null,""year"":2026,""liveStreamingUrl"":""""}"
2026-08-03,2026-08-09,2026-08-01,2026-08-09,,J-J100-AUT-2026-003,J100 Vienna,La Ville Open,J100,Austria,AUT,Vienna,Vienna,2026-08-03,2026-08-08,03 Aug to 08 Aug 2026,Clay,C,Outdoor,https://www.itftennis.com/en/tournament/j100-vienna/aut/2026/j-j100-aut-2026-003/,,https://www.itftennis.com/tennis/api/TournamentApi/GetCalendar?circuitCode=JT&searchString=&skip=0&take=100&nationCodes=&zoneCodes=&dateFrom=2026-08-01&dateTo=2026-08-09&indoorOutdoor=&categories=&isOrderAscending=true&orderField=startDate&surfaceCodes=&singlesDrawFormat=,2026-08-03T19:13:25.195Z,"{""tournamentName"":""J100 Vienna"",""dates"":""03 Aug to 08 Aug 2026"",""location"":""Vienna"",""category"":""J100"",""prizeMoney"":"""",""liveLink"":"""",""surfaceDesc"":""Clay"",""surfaceCode"":""C"",""tourStatusCode"":null,""tourStatusDesc"":null,""indoorOrOutDoor"":""Outdoor"",""isRecognised"":false,""recognisedTournamentLink"":""/en/about-us/governance/tournament-recognition/home/"",""id"":0,""name"":""J100 Vienna"",""promotionalName"":""La Ville Open"",""hostNation"":""Austria"",""hostNationCode"":""AUT"",""venue"":""Vienna"",""startDate"":""2026-08-03T00:00:00"",""endDate"":""2026-08-08T00:00:00"",""tournamentKey"":""J-J100-AUT-2026-003"",""tennisCategoryCode"":""JT"",""tournamentLink"":""/en/tournament/j100-vienna/aut/2026/j-j100-aut-2026-003/"",""hospitality"":null,""year"":2026,""liveStreamingUrl"":""""}"
2026-08-03,2026-08-09,2026-08-01,2026-08-09,,J-J30-ESP-2026-010,J30 Benidorm,Lope de Vega International School,J30,Spain,ESP,Benidorm,Benidorm,2026-08-03,2026-08-08,03 Aug to 08 Aug 2026,Hard,H,Outdoor,https://www.itftennis.com/en/tournament/j30-benidorm/esp/2026/j-j30-esp-2026-010/,,https://www.itftennis.com/tennis/api/TournamentApi/GetCalendar?circuitCode=JT&searchString=&skip=0&take=100&nationCodes=&zoneCodes=&dateFrom=2026-08-01&dateTo=2026-08-09&indoorOutdoor=&categories=&isOrderAscending=true&orderField=startDate&surfaceCodes=&singlesDrawFormat=,2026-08-03T19:13:25.196Z,"{""tournamentName"":""J30 Benidorm"",""dates"":""03 Aug to 08 Aug 2026"",""location"":""Benidorm"",""category"":""J30"",""prizeMoney"":"""",""liveLink"":"""",""surfaceDesc"":""Hard"",""surfaceCode"":""H"",""tourStatusCode"":null,""tourStatusDesc"":null,""indoorOrOutDoor"":""Outdoor"",""isRecognised"":false,""recognisedTournamentLink"":""/en/about-us/governance/tournament-recognition/home/"",""id"":0,""name"":""J30 Benidorm"",""promotionalName"":""Lope de Vega International School"",""hostNation"":""Spain"",""hostNationCode"":""ESP"",""venue"":""Benidorm"",""startDate"":""2026-08-03T00:00:00"",""endDate"":""2026-08-08T00:00:00"",""tournamentKey"":""J-J30-ESP-2026-010"",""tennisCategoryCode"":""JT"",""tournamentLink"":""/en/tournament/j30-benidorm/esp/2026/j-j30-esp-2026-010/"",""hospitality"":null,""year"":2026,""liveStreamingUrl"":""""}"
2026-08-03,2026-08-09,2026-08-01,2026-08-09,,J-J30-KGZ-2026-004,J30 Cholpon-Ata,J30 Cholpon-Ata,J30,Kyrgyzstan,KGZ,Cholpon-Ata,Cholpon-Ata,2026-08-03,2026-08-08,03 Aug to 08 Aug 2026,Clay,C,Outdoor,https://www.itftennis.com/en/tournament/j30-cholpon-ata/kgz/2026/j-j30-kgz-2026-004/,,https://www.itftennis.com/tennis/api/TournamentApi/GetCalendar?circuitCode=JT&searchString=&skip=0&take=100&nationCodes=&zoneCodes=&dateFrom=2026-08-01&dateTo=2026-08-09&indoorOutdoor=&categories=&isOrderAscending=true&orderField=startDate&surfaceCodes=&singlesDrawFormat=,2026-08-03T19:13:25.196Z,"{""tournamentName"":""J30 Cholpon-Ata"",""dates"":""03 Aug to 08 Aug 2026"",""location"":""Cholpon-Ata"",""category"":""J30"",""prizeMoney"":"""",""liveLink"":"""",""surfaceDesc"":""Clay"",""surfaceCode"":""C"",""tourStatusCode"":null,""tourStatusDesc"":null,""indoorOrOutDoor"":""Outdoor"",""isRecognised"":false,""recognisedTournamentLink"":""/en/about-us/governance/tournament-recognition/home/"",""id"":0,""name"":""J30 Cholpon-Ata"",""promotionalName"":""J30 Cholpon-Ata "",""hostNation"":""Kyrgyzstan"",""hostNationCode"":""KGZ"",""venue"":""Cholpon-Ata"",""startDate"":""2026-08-03T00:00:00"",""endDate"":""2026-08-08T00:00:00"",""tournamentKey"":""J-J30-KGZ-2026-004"",""tennisCategoryCode"":""JT"",""tournamentLink"":""/en/tournament/j30-cholpon-ata/kgz/2026/j-j30-kgz-2026-004/"",""hospitality"":null,""year"":2026,""liveStreamingUrl"":""""}"
2026-08-03,2026-08-09,2026-08-01,2026-08-09,,J-J30-VIN-2026-001,J30 Kingstown,J30 Kingstown,J30,St. Vincent & the Grenadines,VIN,Kingstown,Kingstown,2026-08-03,2026-08-08,03 Aug to 08 Aug 2026,Hard,H,Outdoor,https://www.itftennis.com/en/tournament/j30-kingstown/vin/2026/j-j30-vin-2026-001/,,https://www.itftennis.com/tennis/api/TournamentApi/GetCalendar?circuitCode=JT&searchString=&skip=0&take=100&nationCodes=&zoneCodes=&dateFrom=2026-08-01&dateTo=2026-08-09&indoorOutdoor=&categories=&isOrderAscending=true&orderField=startDate&surfaceCodes=&singlesDrawFormat=,2026-08-03T19:13:25.196Z,"{""tournamentName"":""J30 Kingstown"",""dates"":""03 Aug to 08 Aug 2026"",""location"":""Kingstown"",""category"":""J30"",""prizeMoney"":"""",""liveLink"":"""",""surfaceDesc"":""Hard"",""surfaceCode"":""H"",""tourStatusCode"":null,""tourStatusDesc"":null,""indoorOrOutDoor"":""Outdoor"",""isRecognised"":false,""recognisedTournamentLink"":""/en/about-us/governance/tournament-recognition/home/"",""id"":0,""name"":""J30 Kingstown"",""promotionalName"":""J30 Kingstown"",""hostNation"":""St. Vincent & the Grenadines"",""hostNationCode"":""VIN"",""venue"":""Kingstown"",""startDate"":""2026-08-03T00:00:00"",""endDate"":""2026-08-08T00:00:00"",""tournamentKey"":""J-J30-VIN-2026-001"",""tennisCategoryCode"":""JT"",""tournamentLink"":""/en/tournament/j30-kingstown/vin/2026/j-j30-vin-2026-001/"",""hospitality"":null,""year"":2026,""liveStreamingUrl"":""""}"
2026-08-03,2026-08-09,2026-08-01,2026-08-09,,J-J30-CHN-2026-008,J30 Maanshan,J30 Maanshan,J30,"China, P.R.",CHN,Maanshan,Maanshan,2026-08-03,2026-08-08,03 Aug to 08 Aug 2026,Hard,H,Indoor,https://www.itftennis.com/en/tournament/j30-maanshan/chn/2026/j-j30-chn-2026-008/,,https://www.itftennis.com/tennis/api/TournamentApi/GetCalendar?circuitCode=JT&searchString=&skip=0&take=100&nationCodes=&zoneCodes=&dateFrom=2026-08-01&dateTo=2026-08-09&indoorOutdoor=&categories=&isOrderAscending=true&orderField=startDate&surfaceCodes=&singlesDrawFormat=,2026-08-03T19:13:25.196Z,"{""tournamentName"":""J30 Maanshan"",""dates"":""03 Aug to 08 Aug 2026"",""location"":""Maanshan"",""category"":""J30"",""prizeMoney"":"""",""liveLink"":"""",""surfaceDesc"":""Hard"",""surfaceCode"":""H"",""tourStatusCode"":null,""tourStatusDesc"":null,""indoorOrOutDoor"":""Indoor"",""isRecognised"":false,""recognisedTournamentLink"":""/en/about-us/governance/tournament-recognition/home/"",""id"":0,""name"":""J30 Maanshan"",""promotionalName"":""J30 Maanshan"",""hostNation"":""China, P.R."",""hostNationCode"":""CHN"",""venue"":""Maanshan"",""startDate"":""2026-08-03T00:00:00"",""endDate"":""2026-08-08T00:00:00"",""tournamentKey"":""J-J30-CHN-2026-008"",""tennisCategoryCode"":""JT"",""tournamentLink"":""/en/tournament/j30-maanshan/chn/2026/j-j30-chn-2026-008/"",""hospitality"":null,""year"":2026,""liveStreamingUrl"":""""}"
2026-08-03,2026-08-09,2026-08-01,2026-08-09,,J-J30-NCA-2026-006,J30 Managua,Terraza Bowl IV Edicion,J30,Nicaragua,NCA,Managua,Managua,2026-08-03,2026-08-08,03 Aug to 08 Aug 2026,Hard,H,Outdoor,https://www.itftennis.com/en/tournament/j30-managua/nca/2026/j-j30-nca-2026-006/,http://live.itftennis.com/en/live-scores/?tourkey=J-J30-NCA-2026-006,https://www.itftennis.com/tennis/api/TournamentApi/GetCalendar?circuitCode=JT&searchString=&skip=0&take=100&nationCodes=&zoneCodes=&dateFrom=2026-08-01&dateTo=2026-08-09&indoorOutdoor=&categories=&isOrderAscending=true&orderField=startDate&surfaceCodes=&singlesDrawFormat=,2026-08-03T19:13:25.196Z,"{""tournamentName"":""J30 Managua"",""dates"":""03 Aug to 08 Aug 2026"",""location"":""Managua"",""category"":""J30"",""prizeMoney"":"""",""liveLink"":""http://live.itftennis.com/en/live-scores/?tourkey=J-J30-NCA-2026-006"",""surfaceDesc"":""Hard"",""surfaceCode"":""H"",""tourStatusCode"":null,""tourStatusDesc"":null,""indoorOrOutDoor"":""Outdoor"",""isRecognised"":false,""recognisedTournamentLink"":""/en/about-us/governance/tournament-recognition/home/"",""id"":0,""name"":""J30 Managua"",""promotionalName"":""Terraza Bowl  IV Edicion"",""hostNation"":""Nicaragua"",""hostNationCode"":""NCA"",""venue"":""Managua"",""startDate"":""2026-08-03T00:00:00"",""endDate"":""2026-08-08T00:00:00"",""tournamentKey"":""J-J30-NCA-2026-006"",""tennisCategoryCode"":""JT"",""tournamentLink"":""/en/tournament/j30-managua/nca/2026/j-j30-nca-2026-006/"",""hospitality"":null,""year"":2026,""liveStreamingUrl"":""""}"
2026-08-03,2026-08-09,2026-08-01,2026-08-09,,J-J30-THA-2026-001,J30 Nonthaburi,ITF Juniors World Tennis Tour J30 (1),J30,Thailand,THA,Nonthaburi,Nonthaburi,2026-08-03,2026-08-08,03 Aug to 08 Aug 2026,Hard,H,Outdoor,https://www.itftennis.com/en/tournament/j30-nonthaburi/tha/2026/j-j30-tha-2026-001/,,https://www.itftennis.com/tennis/api/TournamentApi/GetCalendar?circuitCode=JT&searchString=&skip=0&take=100&nationCodes=&zoneCodes=&dateFrom=2026-08-01&dateTo=2026-08-09&indoorOutdoor=&categories=&isOrderAscending=true&orderField=startDate&surfaceCodes=&singlesDrawFormat=,2026-08-03T19:13:25.196Z,"{""tournamentName"":""J30 Nonthaburi"",""dates"":""03 Aug to 08 Aug 2026"",""location"":""Nonthaburi"",""category"":""J30"",""prizeMoney"":"""",""liveLink"":"""",""surfaceDesc"":""Hard"",""surfaceCode"":""H"",""tourStatusCode"":null,""tourStatusDesc"":null,""indoorOrOutDoor"":""Outdoor"",""isRecognised"":false,""recognisedTournamentLink"":""/en/about-us/governance/tournament-recognition/home/"",""id"":0,""name"":""J30 Nonthaburi"",""promotionalName"":"" ITF Juniors World Tennis Tour J30 (1)"",""hostNation"":""Thailand"",""hostNationCode"":""THA"",""venue"":""Nonthaburi"",""startDate"":""2026-08-03T00:00:00"",""endDate"":""2026-08-08T00:00:00"",""tournamentKey"":""J-J30-THA-2026-001"",""tennisCategoryCode"":""JT"",""tournamentLink"":""/en/tournament/j30-nonthaburi/tha/2026/j-j30-tha-2026-001/"",""hospitality"":null,""year"":2026,""liveStreamingUrl"":""""}"
2026-08-03,2026-08-09,2026-08-01,2026-08-09,,J-J30-DOM-2026-004,J30 Punta Cana,J30 Punta Cana Copa Flamenco,J30,Dominican Republic,DOM,Punta Cana,Punta Cana,2026-08-03,2026-08-08,03 Aug to 08 Aug 2026,Clay,C,Outdoor,https://www.itftennis.com/en/tournament/j30-punta-cana/dom/2026/j-j30-dom-2026-004/,,https://www.itftennis.com/tennis/api/TournamentApi/GetCalendar?circuitCode=JT&searchString=&skip=0&take=100&nationCodes=&zoneCodes=&dateFrom=2026-08-01&dateTo=2026-08-09&indoorOutdoor=&categories=&isOrderAscending=true&orderField=startDate&surfaceCodes=&singlesDrawFormat=,2026-08-03T19:13:25.196Z,"{""tournamentName"":""J30 Punta Cana"",""dates"":""03 Aug to 08 Aug 2026"",""location"":""Punta Cana"",""category"":""J30"",""prizeMoney"":"""",""liveLink"":"""",""surfaceDesc"":""Clay"",""surfaceCode"":""C"",""tourStatusCode"":null,""tourStatusDesc"":null,""indoorOrOutDoor"":""Outdoor"",""isRecognised"":false,""recognisedTournamentLink"":""/en/about-us/governance/tournament-recognition/home/"",""id"":0,""name"":""J30 Punta Cana"",""promotionalName"":""J30 Punta Cana Copa Flamenco"",""hostNation"":""Dominican Republic"",""hostNationCode"":""DOM"",""venue"":""Punta Cana"",""startDate"":""2026-08-03T00:00:00"",""endDate"":""2026-08-08T00:00:00"",""tournamentKey"":""J-J30-DOM-2026-004"",""tennisCategoryCode"":""JT"",""tournamentLink"":""/en/tournament/j30-punta-cana/dom/2026/j-j30-dom-2026-004/"",""hospitality"":null,""year"":2026,""liveStreamingUrl"":""""}"
2026-08-03,2026-08-09,2026-08-01,2026-08-09,,J-J60-LUX-2026-005,J60 Esch/Alzette,SUDSTROUM OPEN,J60,Luxembourg,LUX,Esch/Alzette,Esch/Alzette,2026-08-03,2026-08-09,03 Aug to 09 Aug 2026,Clay,C,Outdoor,https://www.itftennis.com/en/tournament/j60-esch-alzette/lux/2026/j-j60-lux-2026-005/,,https://www.itftennis.com/tennis/api/TournamentApi/GetCalendar?circuitCode=JT&searchString=&skip=0&take=100&nationCodes=&zoneCodes=&dateFrom=2026-08-01&dateTo=2026-08-09&indoorOutdoor=&categories=&isOrderAscending=true&orderField=startDate&surfaceCodes=&singlesDrawFormat=,2026-08-03T19:13:25.195Z,"{""tournamentName"":""J60 Esch/Alzette"",""dates"":""03 Aug to 09 Aug 2026"",""location"":""Esch/Alzette"",""category"":""J60"",""prizeMoney"":"""",""liveLink"":"""",""surfaceDesc"":""Clay"",""surfaceCode"":""C"",""tourStatusCode"":null,""tourStatusDesc"":null,""indoorOrOutDoor"":""Outdoor"",""isRecognised"":false,""recognisedTournamentLink"":""/en/about-us/governance/tournament-recognition/home/"",""id"":0,""name"":""J60 Esch/Alzette"",""promotionalName"":""SUDSTROUM OPEN"",""hostNation"":""Luxembourg"",""hostNationCode"":""LUX"",""venue"":""Esch/Alzette"",""startDate"":""2026-08-03T00:00:00"",""endDate"":""2026-08-09T00:00:00"",""tournamentKey"":""J-J60-LUX-2026-005"",""tennisCategoryCode"":""JT"",""tournamentLink"":""/en/tournament/j60-esch-alzette/lux/2026/j-j60-lux-2026-005/"",""hospitality"":null,""year"":2026,""liveStreamingUrl"":""""}"
2026-08-03,2026-08-09,2026-08-01,2026-08-09,,J-J60-RWA-2026-001,J60 Kigali,Rwanda Junior Open,J60,Rwanda,RWA,Kigali,Kigali,2026-08-03,2026-08-08,03 Aug to 08 Aug 2026,Clay,C,Outdoor,https://www.itftennis.com/en/tournament/j60-kigali/rwa/2026/j-j60-rwa-2026-001/,,https://www.itftennis.com/tennis/api/TournamentApi/GetCalendar?circuitCode=JT&searchString=&skip=0&take=100&nationCodes=&zoneCodes=&dateFrom=2026-08-01&dateTo=2026-08-09&indoorOutdoor=&categories=&isOrderAscending=true&orderField=startDate&surfaceCodes=&singlesDrawFormat=,2026-08-03T19:13:25.196Z,"{""tournamentName"":""J60 Kigali"",""dates"":""03 Aug to 08 Aug 2026"",""location"":""Kigali"",""category"":""J60"",""prizeMoney"":"""",""liveLink"":"""",""surfaceDesc"":""Clay"",""surfaceCode"":""C"",""tourStatusCode"":null,""tourStatusDesc"":null,""indoorOrOutDoor"":""Outdoor"",""isRecognised"":false,""recognisedTournamentLink"":""/en/about-us/governance/tournament-recognition/home/"",""id"":0,""name"":""J60 Kigali"",""promotionalName"":""Rwanda Junior Open"",""hostNation"":""Rwanda"",""hostNationCode"":""RWA"",""venue"":""Kigali"",""startDate"":""2026-08-03T00:00:00"",""endDate"":""2026-08-08T00:00:00"",""tournamentKey"":""J-J60-RWA-2026-001"",""tennisCategoryCode"":""JT"",""tournamentLink"":""/en/tournament/j60-kigali/rwa/2026/j-j60-rwa-2026-001/"",""hospitality"":null,""year"":2026,""liveStreamingUrl"":""""}"
2026-08-03,2026-08-09,2026-08-01,2026-08-09,,J-J60-SLO-2026-004,J60 Kranj,Triglav Open 2026,J60,Slovenia,SLO,Kranj,Kranj,2026-08-03,2026-08-08,03 Aug to 08 Aug 2026,Clay,C,Outdoor,https://www.itftennis.com/en/tournament/j60-kranj/slo/2026/j-j60-slo-2026-004/,,https://www.itftennis.com/tennis/api/TournamentApi/GetCalendar?circuitCode=JT&searchString=&skip=0&take=100&nationCodes=&zoneCodes=&dateFrom=2026-08-01&dateTo=2026-08-09&indoorOutdoor=&categories=&isOrderAscending=true&orderField=startDate&surfaceCodes=&singlesDrawFormat=,2026-08-03T19:13:25.196Z,"{""tournamentName"":""J60 Kranj"",""dates"":""03 Aug to 08 Aug 2026"",""location"":""Kranj"",""category"":""J60"",""prizeMoney"":"""",""liveLink"":"""",""surfaceDesc"":""Clay"",""surfaceCode"":""C"",""tourStatusCode"":null,""tourStatusDesc"":null,""indoorOrOutDoor"":""Outdoor"",""isRecognised"":false,""recognisedTournamentLink"":""/en/about-us/governance/tournament-recognition/home/"",""id"":0,""name"":""J60 Kranj"",""promotionalName"":""Triglav Open 2026"",""hostNation"":""Slovenia"",""hostNationCode"":""SLO"",""venue"":""Kranj"",""startDate"":""2026-08-03T00:00:00"",""endDate"":""2026-08-08T00:00:00"",""tournamentKey"":""J-J60-SLO-2026-004"",""tennisCategoryCode"":""JT"",""tournamentLink"":""/en/tournament/j60-kranj/slo/2026/j-j60-slo-2026-004/"",""hospitality"":null,""year"":2026,""liveStreamingUrl"":""""}"
2026-08-03,2026-08-09,2026-08-01,2026-08-09,,J-J60-POR-2026-005,J60 Porto,João Valentim Cup,J60,Portugal,POR,Porto,Porto,2026-08-03,2026-08-09,03 Aug to 09 Aug 2026,Clay,C,Outdoor,https://www.itftennis.com/en/tournament/j60-porto/por/2026/j-j60-por-2026-005/,,https://www.itftennis.com/tennis/api/TournamentApi/GetCalendar?circuitCode=JT&searchString=&skip=0&take=100&nationCodes=&zoneCodes=&dateFrom=2026-08-01&dateTo=2026-08-09&indoorOutdoor=&categories=&isOrderAscending=true&orderField=startDate&surfaceCodes=&singlesDrawFormat=,2026-08-03T19:13:25.196Z,"{""tournamentName"":""J60 Porto"",""dates"":""03 Aug to 09 Aug 2026"",""location"":""Porto"",""category"":""J60"",""prizeMoney"":"""",""liveLink"":"""",""surfaceDesc"":""Clay"",""surfaceCode"":""C"",""tourStatusCode"":null,""tourStatusDesc"":null,""indoorOrOutDoor"":""Outdoor"",""isRecognised"":false,""recognisedTournamentLink"":""/en/about-us/governance/tournament-recognition/home/"",""id"":0,""name"":""J60 Porto"",""promotionalName"":""João Valentim Cup"",""hostNation"":""Portugal"",""hostNationCode"":""POR"",""venue"":""Porto"",""startDate"":""2026-08-03T00:00:00"",""endDate"":""2026-08-09T00:00:00"",""tournamentKey"":""J-J60-POR-2026-005"",""tennisCategoryCode"":""JT"",""tournamentLink"":""/en/tournament/j60-porto/por/2026/j-j60-por-2026-005/"",""hospitality"":null,""year"":2026,""liveStreamingUrl"":""""}"
2026-08-03,2026-08-09,2026-08-01,2026-08-09,,J-J60-SMR-2026-001,J60 San Marino,San Marino Junior Open,J60,San Marino,SMR,San Marino,San Marino,2026-08-03,2026-08-08,03 Aug to 08 Aug 2026,Clay,C,Outdoor,https://www.itftennis.com/en/tournament/j60-san-marino/smr/2026/j-j60-smr-2026-001/,,https://www.itftennis.com/tennis/api/TournamentApi/GetCalendar?circuitCode=JT&searchString=&skip=0&take=100&nationCodes=&zoneCodes=&dateFrom=2026-08-01&dateTo=2026-08-09&indoorOutdoor=&categories=&isOrderAscending=true&orderField=startDate&surfaceCodes=&singlesDrawFormat=,2026-08-03T19:13:25.196Z,"{""tournamentName"":""J60 San Marino"",""dates"":""03 Aug to 08 Aug 2026"",""location"":""San Marino"",""category"":""J60"",""prizeMoney"":"""",""liveLink"":"""",""surfaceDesc"":""Clay"",""surfaceCode"":""C"",""tourStatusCode"":null,""tourStatusDesc"":null,""indoorOrOutDoor"":""Outdoor"",""isRecognised"":false,""recognisedTournamentLink"":""/en/about-us/governance/tournament-recognition/home/"",""id"":0,""name"":""J60 San Marino"",""promotionalName"":""San Marino Junior Open"",""hostNation"":""San Marino"",""hostNationCode"":""SMR"",""venue"":""San Marino"",""startDate"":""2026-08-03T00:00:00"",""endDate"":""2026-08-08T00:00:00"",""tournamentKey"":""J-J60-SMR-2026-001"",""tennisCategoryCode"":""JT"",""tournamentLink"":""/en/tournament/j60-san-marino/smr/2026/j-j60-smr-2026-001/"",""hospitality"":null,""year"":2026,""liveStreamingUrl"":""""}"
2026-08-03,2026-08-09,2026-08-01,2026-08-09,,J-J60-MKD-2026-002,J60 Skopje,NEOCOM Open 2026,J60,North Macedonia,MKD,Skopje,Skopje,2026-08-03,2026-08-09,03 Aug to 09 Aug 2026,Clay,C,Outdoor,https://www.itftennis.com/en/tournament/j60-skopje/mkd/2026/j-j60-mkd-2026-002/,,https://www.itftennis.com/tennis/api/TournamentApi/GetCalendar?circuitCode=JT&searchString=&skip=0&take=100&nationCodes=&zoneCodes=&dateFrom=2026-08-01&dateTo=2026-08-09&indoorOutdoor=&categories=&isOrderAscending=true&orderField=startDate&surfaceCodes=&singlesDrawFormat=,2026-08-03T19:13:25.195Z,"{""tournamentName"":""J60 Skopje"",""dates"":""03 Aug to 09 Aug 2026"",""location"":""Skopje"",""category"":""J60"",""prizeMoney"":"""",""liveLink"":"""",""surfaceDesc"":""Clay"",""surfaceCode"":""C"",""tourStatusCode"":null,""tourStatusDesc"":null,""indoorOrOutDoor"":""Outdoor"",""isRecognised"":false,""recognisedTournamentLink"":""/en/about-us/governance/tournament-recognition/home/"",""id"":0,""name"":""J60 Skopje"",""promotionalName"":""NEOCOM Open 2026"",""hostNation"":""North Macedonia"",""hostNationCode"":""MKD"",""venue"":""Skopje"",""startDate"":""2026-08-03T00:00:00"",""endDate"":""2026-08-09T00:00:00"",""tournamentKey"":""J-J60-MKD-2026-002"",""tennisCategoryCode"":""JT"",""tournamentLink"":""/en/tournament/j60-skopje/mkd/2026/j-j60-mkd-2026-002/"",""hospitality"":null,""year"":2026,""liveStreamingUrl"":""""}"
2026-08-03,2026-08-09,2026-08-01,2026-08-09,,J-J60-BRA-2026-002,J60 Vacaria,II Serra Gaúcha Open de Tênis Infantojuvenil,J60,Brazil,BRA,Vacaria,Vacaria,2026-08-03,2026-08-08,03 Aug to 08 Aug 2026,Clay,C,Indoor,https://www.itftennis.com/en/tournament/j60-vacaria/bra/2026/j-j60-bra-2026-002/,,https://www.itftennis.com/tennis/api/TournamentApi/GetCalendar?circuitCode=JT&searchString=&skip=0&take=100&nationCodes=&zoneCodes=&dateFrom=2026-08-01&dateTo=2026-08-09&indoorOutdoor=&categories=&isOrderAscending=true&orderField=startDate&surfaceCodes=&singlesDrawFormat=,2026-08-03T19:13:25.195Z,"{""tournamentName"":""J60 Vacaria"",""dates"":""03 Aug to 08 Aug 2026"",""location"":""Vacaria"",""category"":""J60"",""prizeMoney"":"""",""liveLink"":"""",""surfaceDesc"":""Clay"",""surfaceCode"":""C"",""tourStatusCode"":null,""tourStatusDesc"":null,""indoorOrOutDoor"":""Indoor"",""isRecognised"":false,""recognisedTournamentLink"":""/en/about-us/governance/tournament-recognition/home/"",""id"":0,""name"":""J60 Vacaria"",""promotionalName"":""II Serra Gaúcha Open de Tênis Infantojuvenil"",""hostNation"":""Brazil"",""hostNationCode"":""BRA"",""venue"":""Vacaria"",""startDate"":""2026-08-03T00:00:00"",""endDate"":""2026-08-08T00:00:00"",""tournamentKey"":""J-J60-BRA-2026-002"",""tennisCategoryCode"":""JT"",""tournamentLink"":""/en/tournament/j60-vacaria/bra/2026/j-j60-bra-2026-002/"",""hospitality"":null,""year"":2026,""liveStreamingUrl"":""""}"
2026-08-03,2026-08-09,2026-08-01,2026-08-09,,J-J60-ARG-2026-001,J60 Villa María,Copa El Ombú,J60,Argentina,ARG,Villa María,Villa María,2026-08-03,2026-08-08,03 Aug to 08 Aug 2026,Clay,C,Outdoor,https://www.itftennis.com/en/tournament/j60-villa-maria/arg/2026/j-j60-arg-2026-001/,,https://www.itftennis.com/tennis/api/TournamentApi/GetCalendar?circuitCode=JT&searchString=&skip=0&take=100&nationCodes=&zoneCodes=&dateFrom=2026-08-01&dateTo=2026-08-09&indoorOutdoor=&categories=&isOrderAscending=true&orderField=startDate&surfaceCodes=&singlesDrawFormat=,2026-08-03T19:13:25.196Z,"{""tournamentName"":""J60 Villa María"",""dates"":""03 Aug to 08 Aug 2026"",""location"":""Villa María"",""category"":""J60"",""prizeMoney"":"""",""liveLink"":"""",""surfaceDesc"":""Clay"",""surfaceCode"":""C"",""tourStatusCode"":null,""tourStatusDesc"":null,""indoorOrOutDoor"":""Outdoor"",""isRecognised"":false,""recognisedTournamentLink"":""/en/about-us/governance/tournament-recognition/home/"",""id"":0,""name"":""J60 Villa María"",""promotionalName"":""Copa El Ombú"",""hostNation"":""Argentina"",""hostNationCode"":""ARG"",""venue"":""Villa María"",""startDate"":""2026-08-03T00:00:00"",""endDate"":""2026-08-08T00:00:00"",""tournamentKey"":""J-J60-ARG-2026-001"",""tennisCategoryCode"":""JT"",""tournamentLink"":""/en/tournament/j60-villa-maria/arg/2026/j-j60-arg-2026-001/"",""hospitality"":null,""year"":2026,""liveStreamingUrl"":""""}"
2026-08-03,2026-08-09,2026-08-01,2026-08-09,,J-J200-GER-2026-003,J200 Rutesheim,Jugend Cup Rutesheim,J200,Germany,GER,Rutesheim,Rutesheim,2026-08-04,2026-08-08,04 Aug to 08 Aug 2026,Clay,C,Outdoor,https://www.itftennis.com/en/tournament/j200-rutesheim/ger/2026/j-j200-ger-2026-003/,,https://www.itftennis.com/tennis/api/TournamentApi/GetCalendar?circuitCode=JT&searchString=&skip=0&take=100&nationCodes=&zoneCodes=&dateFrom=2026-08-01&dateTo=2026-08-09&indoorOutdoor=&categories=&isOrderAscending=true&orderField=startDate&surfaceCodes=&singlesDrawFormat=,2026-08-03T19:13:25.196Z,"{""tournamentName"":""J200 Rutesheim"",""dates"":""04 Aug to 08 Aug 2026"",""location"":""Rutesheim"",""category"":""J200"",""prizeMoney"":"""",""liveLink"":"""",""surfaceDesc"":""Clay"",""surfaceCode"":""C"",""tourStatusCode"":null,""tourStatusDesc"":null,""indoorOrOutDoor"":""Outdoor"",""isRecognised"":false,""recognisedTournamentLink"":""/en/about-us/governance/tournament-recognition/home/"",""id"":0,""name"":""J200 Rutesheim"",""promotionalName"":""Jugend Cup Rutesheim"",""hostNation"":""Germany"",""hostNationCode"":""GER"",""venue"":""Rutesheim"",""startDate"":""2026-08-04T00:00:00"",""endDate"":""2026-08-08T00:00:00"",""tournamentKey"":""J-J200-GER-2026-003"",""tennisCategoryCode"":""JT"",""tournamentLink"":""/en/tournament/j200-rutesheim/ger/2026/j-j200-ger-2026-003/"",""hospitality"":null,""year"":2026,""liveStreamingUrl"":""""}"
2026-08-03,2026-08-09,2026-08-01,2026-08-09,,J-J30-GBR-2026-007,J30 Bradfield,Lexus Junior International - Bradfield,J30,Great Britain,GBR,Bradfield,Bradfield,2026-08-04,2026-08-09,04 Aug to 09 Aug 2026,Clay,C,Outdoor,https://www.itftennis.com/en/tournament/j30-bradfield/gbr/2026/j-j30-gbr-2026-007/,,https://www.itftennis.com/tennis/api/TournamentApi/GetCalendar?circuitCode=JT&searchString=&skip=0&take=100&nationCodes=&zoneCodes=&dateFrom=2026-08-01&dateTo=2026-08-09&indoorOutdoor=&categories=&isOrderAscending=true&orderField=startDate&surfaceCodes=&singlesDrawFormat=,2026-08-03T19:13:25.196Z,"{""tournamentName"":""J30 Bradfield"",""dates"":""04 Aug to 09 Aug 2026"",""location"":""Bradfield"",""category"":""J30"",""prizeMoney"":"""",""liveLink"":"""",""surfaceDesc"":""Clay"",""surfaceCode"":""C"",""tourStatusCode"":null,""tourStatusDesc"":null,""indoorOrOutDoor"":""Outdoor"",""isRecognised"":false,""recognisedTournamentLink"":""/en/about-us/governance/tournament-recognition/home/"",""id"":0,""name"":""J30 Bradfield"",""promotionalName"":""Lexus Junior International - Bradfield"",""hostNation"":""Great Britain"",""hostNationCode"":""GBR"",""venue"":""Bradfield"",""startDate"":""2026-08-04T00:00:00"",""endDate"":""2026-08-09T00:00:00"",""tournamentKey"":""J-J30-GBR-2026-007"",""tennisCategoryCode"":""JT"",""tournamentLink"":""/en/tournament/j30-bradfield/gbr/2026/j-j30-gbr-2026-007/"",""hospitality"":null,""year"":2026,""liveStreamingUrl"":""""}"
2026-08-03,2026-08-09,2026-08-01,2026-08-09,,J-J30-ANG-2026-002,J30 Luanda,J30 Luanda,J30,Angola,ANG,Luanda,Luanda,2026-08-04,2026-08-09,04 Aug to 09 Aug 2026,Hard,H,Outdoor,https://www.itftennis.com/en/tournament/j30-luanda/ang/2026/j-j30-ang-2026-002/,,https://www.itftennis.com/tennis/api/TournamentApi/GetCalendar?circuitCode=JT&searchString=&skip=0&take=100&nationCodes=&zoneCodes=&dateFrom=2026-08-01&dateTo=2026-08-09&indoorOutdoor=&categories=&isOrderAscending=true&orderField=startDate&surfaceCodes=&singlesDrawFormat=,2026-08-03T19:13:25.196Z,"{""tournamentName"":""J30 Luanda"",""dates"":""04 Aug to 09 Aug 2026"",""location"":""Luanda"",""category"":""J30"",""prizeMoney"":"""",""liveLink"":"""",""surfaceDesc"":""Hard"",""surfaceCode"":""H"",""tourStatusCode"":null,""tourStatusDesc"":null,""indoorOrOutDoor"":""Outdoor"",""isRecognised"":false,""recognisedTournamentLink"":""/en/about-us/governance/tournament-recognition/home/"",""id"":0,""name"":""J30 Luanda"",""promotionalName"":""J30 Luanda"",""hostNation"":""Angola"",""hostNationCode"":""ANG"",""venue"":""Luanda"",""startDate"":""2026-08-04T00:00:00"",""endDate"":""2026-08-09T00:00:00"",""tournamentKey"":""J-J30-ANG-2026-002"",""tennisCategoryCode"":""JT"",""tournamentLink"":""/en/tournament/j30-luanda/ang/2026/j-j30-ang-2026-002/"",""hospitality"":null,""year"":2026,""liveStreamingUrl"":""""}"
2026-08-03,2026-08-09,2026-08-01,2026-08-09,,J-J60-SVK-2026-002,J60 Slovenska Lupca,"ITF WTT J60 "" PEPAS CUP U18 2026""",J60,Slovakia,SVK,Slovenska Lupca,Slovenska Lupca,2026-08-04,2026-08-09,04 Aug to 09 Aug 2026,Clay,C,Outdoor,https://www.itftennis.com/en/tournament/j60-slovenska-lupca/svk/2026/j-j60-svk-2026-002/,,https://www.itftennis.com/tennis/api/TournamentApi/GetCalendar?circuitCode=JT&searchString=&skip=0&take=100&nationCodes=&zoneCodes=&dateFrom=2026-08-01&dateTo=2026-08-09&indoorOutdoor=&categories=&isOrderAscending=true&orderField=startDate&surfaceCodes=&singlesDrawFormat=,2026-08-03T19:13:25.196Z,"{""tournamentName"":""J60 Slovenska Lupca"",""dates"":""04 Aug to 09 Aug 2026"",""location"":""Slovenska Lupca"",""category"":""J60"",""prizeMoney"":"""",""liveLink"":"""",""surfaceDesc"":""Clay"",""surfaceCode"":""C"",""tourStatusCode"":null,""tourStatusDesc"":null,""indoorOrOutDoor"":""Outdoor"",""isRecognised"":false,""recognisedTournamentLink"":""/en/about-us/governance/tournament-recognition/home/"",""id"":0,""name"":""J60 Slovenska Lupca"",""promotionalName"":""ITF WTT J60 \"" PEPAS CUP U18 2026\"""",""hostNation"":""Slovakia"",""hostNationCode"":""SVK"",""venue"":""Slovenska Lupca"",""startDate"":""2026-08-04T00:00:00"",""endDate"":""2026-08-09T00:00:00"",""tournamentKey"":""J-J60-SVK-2026-002"",""tennisCategoryCode"":""JT"",""tournamentLink"":""/en/tournament/j60-slovenska-lupca/svk/2026/j-j60-svk-2026-002/"",""hospitality"":null,""year"":2026,""liveStreamingUrl"":""""}"
