live_rank,official_rank,rank_change_vs_official,player_id,player_name,gender,country,country_name,birth_year,official_points,live_points,points_change_vs_official,singles_points,doubles_points_raw,doubles_points_weighted,has_live_result,has_dropped_result,live_rows_available,live_singles_rows_available,live_doubles_rows_available,live_raw_points_available,live_weighted_points_available,live_singles_results_counting,live_doubles_results_counting,dropped_rows_count,dropped_singles_rows_count,dropped_doubles_rows_count,dropped_raw_points,dropped_weighted_points_estimated,active_rows_after_drops,best_singles_summary,best_doubles_summary,audit_note
3,4,1,800655335,Victoria Luiza Barros,F,BRA,Brazil,2009,2194,2205.25,11.25,1930,1101,275.25,true,true,2,1,1,360,225,1,1,2,1,1,315,213.75,20,1. 500 pts [BASE] J500 WR J500 Offenbach 2026-05-04 || 2. 350 pts [BASE] J500 RU J500 Gaspar 2026-03-16 || 3. 350 pts [BASE] J500 RU J500 Merida 2025-11-24 || 4. 300 pts [BASE] J300 WR J300 Bamberg 2025-06-10 || 5. 250 pts [BASE] J500 SF J500 Fort Lauderdale 2025-12-08 || 6. 180 pts [LIVE] JGS R16 Roland Garros Junior Championships 2026-05-31,"1. 225 pts [BASE] JGS QF US Open Junior Tennis Championships 2025-08-31 || 2. 187 pts [BASE] J500 SF J500 Offenbach 2026-05-04 || 3. 187 pts [BASE] J500 SF J500 Gaspar 2026-03-16 || 4. 187 pts [BASE] J500 SF J500 Merida 2025-11-24 || 5. 180 pts [LIVE] JGS R16 Roland Garros Junior Championships 2026-05-31 || 6. 135 pts [BASE] JGS R16 The Junior Championships, Wimbledon 2025-07-05",points_change_vs_official é o saldo final após recomposição dos 6 melhores resultados; não precisa bater exatamente com live_weighted_points_available - dropped_weighted_points_estimated.
7,9,2,800695060,Nauhany Vitoria Leme Da Silva,F,BRA,Brazil,2010,1743,1878,135,1550,1312,328,true,true,2,1,1,360,225,1,1,2,1,1,90,90,17,"1. 500 pts [BASE] J500 WR J500 Gaspar 2026-03-16 || 2. 300 pts [BASE] J300 WR J300 Porto Alegre 2026-03-09 || 3. 300 pts [BASE] J300 WR J300 Santa Cruz (South America Regional Championships) 2026-02-23 || 4. 180 pts [LIVE] JGS R16 Roland Garros Junior Championships 2026-05-31 || 5. 180 pts [BASE] JGS R16 The Junior Championships, Wimbledon 2025-07-05 || 6. 90 pts [BASE] J500 R16 J500 Milan 2026-05-18",1. 375 pts [BASE] J500 WR J500 Milan 2026-05-18 || 2. 262 pts [BASE] J500 RU J500 Gaspar 2026-03-16 || 3. 225 pts [BASE] J300 WR J300 Porto Alegre 2026-03-09 || 4. 225 pts [BASE] J300 WR J300 Santa Cruz (South America Regional Championships) 2026-02-23 || 5. 180 pts [LIVE] JGS R16 Roland Garros Junior Championships 2026-05-31 || 6. 45 pts [BASE] J300 R16 J300 Roehampton 2025-06-29,points_change_vs_official é o saldo final após recomposição dos 6 melhores resultados; não precisa bater exatamente com live_weighted_points_available - dropped_weighted_points_estimated.
66,70,4,800655734,Pietra Rivoli,F,BRA,Brazil,2008,895.25,914,18.75,680,936,234,true,true,1,0,1,180,45,0,1,2,1,1,0,0,31,1. 140 pts [BASE] J200 RU J200 Santiago 2025-09-29 || 2. 140 pts [BASE] J200 RU J200 Lima 2025-09-22 || 3. 100 pts [BASE] J300 QF J300 Salinas 2026-02-02 || 4. 100 pts [BASE] J300 QF J300 Barranquilla 2026-01-26 || 5. 100 pts [BASE] J200 SF J200 Santa Cruz 2025-11-03 || 6. 100 pts [BASE] J200 SF J200 Salta 2025-10-06,1. 187 pts [BASE] J500 SF J500 Gaspar 2026-03-16 || 2. 180 pts [LIVE] JGS R16 Roland Garros Junior Championships 2026-05-31 || 3. 157 pts [BASE] J300 RU J300 Santa Cruz (South America Regional Championships) 2026-02-23 || 4. 157 pts [BASE] J300 RU J300 Salinas 2026-02-02 || 5. 150 pts [BASE] J200 WR J200 Salta 2025-10-06 || 6. 105 pts [BASE] J300 SF J300 Porto Alegre 2026-03-09,points_change_vs_official é o saldo final após recomposição dos 6 melhores resultados; não precisa bater exatamente com live_weighted_points_available - dropped_weighted_points_estimated.
132,134,2,800687687,Nathalia Pontes Tourinho,F,BRA,Brazil,2010,616,616,0,496,480,120,false,false,0,0,0,0,0,0,0,0,0,0,0,0,32,1. 100 pts [BASE] J200 SF J200 Asuncion 2026-03-30 || 2. 100 pts [BASE] J300 QF J300 Santa Cruz (South America Regional Championships) 2026-02-23 || 3. 100 pts [BASE] J100 WR J100 Salvador 2025-11-10 || 4. 100 pts [BASE] J200 SF J200 Salta 2025-10-06 || 5. 60 pts [BASE] J300 R16 J300 Asuncion (Junior Pan American Games) 2025-08-11 || 6. 36 pts [BASE] J200 R16 J200 Santiago 2025-09-29,1. 105 pts [BASE] J200 RU J200 Santiago 2025-09-29 || 2. 75 pts [BASE] J300 QF J300 Santa Croce Sull’Arno 2026-05-11 || 3. 75 pts [BASE] J200 SF J200 Prato 2026-05-05 || 4. 75 pts [BASE] J300 QF J300 Santa Cruz (South America Regional Championships) 2026-02-23 || 5. 75 pts [BASE] J300 QF J300 Barranquilla 2026-01-26 || 6. 75 pts [BASE] J100 WR J100 Salvador 2025-11-10,points_change_vs_official é o saldo final após recomposição dos 6 melhores resultados; não precisa bater exatamente com live_weighted_points_available - dropped_weighted_points_estimated.
190,194,4,800713288,Maria Eduarda Carbone dos Santos,F,BRA,Brazil,2010,457.5,457.5,0,377,322,80.5,false,false,0,0,0,0,0,0,0,0,0,0,0,0,28,1. 140 pts [BASE] J200 RU J200 Asuncion 2026-03-30 || 2. 60 pts [BASE] J300 R16 J300 Santa Cruz (South America Regional Championships) 2026-02-23 || 3. 60 pts [BASE] J60 WR J60 Limelette 2025-06-30 || 4. 45 pts [BASE] J500 R32 J500 Gaspar 2026-03-16 || 5. 36 pts [BASE] J200 R16 J200 Santa Cruz 2025-11-03 || 6. 36 pts [BASE] J200 R16 J200 Santiago 2025-09-29,1. 75 pts [BASE] J300 QF J300 Santa Cruz (South America Regional Championships) 2026-02-23 || 2. 67 pts [BASE] J500 R16 J500 Gaspar 2026-03-16 || 3. 45 pts [BASE] J200 QF J200 Asuncion 2026-03-30 || 4. 45 pts [BASE] J60 WR J60 Itajaí 2025-10-27 || 5. 45 pts [BASE] J200 QF J200 Santiago 2025-09-29 || 6. 45 pts [BASE] J200 QF J200 Lima 2025-09-22,points_change_vs_official é o saldo final após recomposição dos 6 melhores resultados; não precisa bater exatamente com live_weighted_points_available - dropped_weighted_points_estimated.
227,232,5,800765119,Clara Coura,F,BRA,Brazil,2011,394.5,394.5,0,352,170,42.5,false,false,0,0,0,0,0,0,0,0,0,0,0,0,28,1. 100 pts [BASE] J100 WR J100 Cochabamba 2026-05-18 || 2. 60 pts [BASE] J100 RU J100 La Paz 2026-05-11 || 3. 60 pts [BASE] J100 RU J100 Mendoza 2026-03-23 || 4. 60 pts [BASE] J60 WR J60 Villa María 2025-08-11 || 5. 36 pts [BASE] J60 RU J60 Itajaí 2025-10-27 || 6. 36 pts [BASE] J60 RU J60 Quito 2025-09-08,1. 45 pts [BASE] J100 RU J100 Cochabamba 2026-05-18 || 2. 45 pts [BASE] J100 RU J100 Luque 2026-04-06 || 3. 27 pts [BASE] J100 SF J100 La Paz 2026-05-11 || 4. 25 pts [BASE] J30 WR J30 Ambato 2025-09-01 || 5. 14 pts [BASE] J60 SF J60 Itajaí 2025-10-27 || 6. 14 pts [BASE] J60 SF J60 Villa María 2025-08-11,points_change_vs_official é o saldo final após recomposição dos 6 melhores resultados; não precisa bater exatamente com live_weighted_points_available - dropped_weighted_points_estimated.
296,298,2,800695753,Ana Cruz,F,BRA,Brazil,2009,315,315,0,212,412,103,false,false,0,0,0,0,0,0,0,0,0,0,0,0,25,1. 60 pts [BASE] J200 QF J200 Asuncion 2026-03-30 || 2. 60 pts [BASE] J200 QF J200 Lima 2025-09-22 || 3. 36 pts [BASE] J200 R16 J200 Santiago 2025-09-29 || 4. 36 pts [BASE] J100 SF J100 Londrina 2025-06-30 || 5. 20 pts [BASE] J100 QF J100 Luque 2026-04-06 || 6. 0 pts [BASE] J300 R32 J300 Charleroi-Marcinelle 2026-05-25,1. 75 pts [BASE] J200 SF J200 Prato 2026-05-05 || 2. 75 pts [BASE] J100 WR J100 Luque 2026-04-06 || 3. 75 pts [BASE] J200 SF J200 Asuncion 2026-03-30 || 4. 75 pts [BASE] J300 QF J300 Santa Cruz (South America Regional Championships) 2026-02-23 || 5. 67 pts [BASE] J500 R16 J500 Gaspar 2026-03-16 || 6. 45 pts [BASE] J200 QF J200 Santiago 2025-09-29,points_change_vs_official é o saldo final após recomposição dos 6 melhores resultados; não precisa bater exatamente com live_weighted_points_available - dropped_weighted_points_estimated.
336,336,0,800677160,larissa silenci,F,BRA,Brazil,2010,271.5,271.5,0,191,322,80.5,false,true,0,0,0,0,0,0,0,2,1,1,7,1.75,29,1. 60 pts [BASE] J300 R16 J300 Porto Alegre 2026-03-09 || 2. 45 pts [BASE] J500 R32 J500 Gaspar 2026-03-16 || 3. 36 pts [BASE] J60 RU J60 São Paulo 2025-08-25 || 4. 20 pts [BASE] J100 QF J100 Lima 2026-05-04 || 5. 20 pts [BASE] J100 QF J100 Salvador 2025-11-10 || 6. 10 pts [BASE] J60 QF J60 Lima 2026-04-27,1. 75 pts [BASE] J300 QF J300 Asuncion 2026-03-02 || 2. 67 pts [BASE] J500 R16 J500 Gaspar 2026-03-16 || 3. 45 pts [BASE] J100 RU J100 Lima 2026-05-04 || 4. 45 pts [BASE] J200 QF J200 Asuncion 2026-03-30 || 5. 45 pts [BASE] J300 R16 J300 Santa Cruz (South America Regional Championships) 2026-02-23 || 6. 45 pts [BASE] J60 WR J60 São Paulo 2025-08-25,points_change_vs_official é o saldo final após recomposição dos 6 melhores resultados; não precisa bater exatamente com live_weighted_points_available - dropped_weighted_points_estimated.
339,369,30,800756804,Eduarda Gomes,F,BRA,Brazil,2012,246,271,25,217,216,54,true,false,1,1,0,30,30,1,0,0,0,0,0,0,16,1. 60 pts [BASE] J60 WR J60 São Paulo 2025-08-25 || 2. 45 pts [BASE] J500 R32 J500 Gaspar 2026-03-16 || 3. 36 pts [BASE] J100 SF J100 Salvador 2025-11-10 || 4. 36 pts [BASE] J200 R16 J200 Lima 2025-09-22 || 5. 30 pts [LIVE] JGS R64 Roland Garros Junior Championships 2026-05-31 || 6. 10 pts [BASE] J60 QF J60 Punta del Este 2025-09-08,1. 112 pts [BASE] J500 QF J500 Gaspar 2026-03-16 || 2. 45 pts [BASE] J60 WR J60 Szczecin 2026-02-03 || 3. 45 pts [BASE] J100 RU J100 Salvador 2025-11-10 || 4. 7 pts [BASE] J60 QF J60 Punta del Este 2025-09-08 || 5. 7 pts [BASE] J60 QF J60 São Paulo 2025-08-25 || 6. 0 pts [BASE] J60 R16 J60 Puszczykowo 2026-02-10,points_change_vs_official é o saldo final após recomposição dos 6 melhores resultados; não precisa bater exatamente com live_weighted_points_available - dropped_weighted_points_estimated.
342,341,-1,800695604,Alicia Reichel,F,BRA,Brazil,2009,268,268,0,174,376,94,false,true,0,0,0,0,0,0,0,2,1,1,7,1.75,36,1. 36 pts [BASE] J200 R16 J200 Asuncion 2026-03-30 || 2. 36 pts [BASE] J100 SF J100 Salvador 2025-11-10 || 3. 36 pts [BASE] J200 R16 J200 Pretoria 2025-09-15 || 4. 30 pts [BASE] J300 R32 J300 Santa Cruz (South America Regional Championships) 2026-02-23 || 5. 18 pts [BASE] J200 R32 J200 Santa Cruz 2025-11-03 || 6. 18 pts [BASE] J60 SF J60 Curitiba 2025-07-07,1. 187 pts [BASE] J500 SF J500 Gaspar 2026-03-16 || 2. 45 pts [BASE] J200 QF J200 Prato 2026-05-05 || 3. 45 pts [BASE] J100 RU J100 Salvador 2025-11-10 || 4. 45 pts [BASE] J100 RU J100 Londrina 2025-06-30 || 5. 27 pts [BASE] J100 SF J100 Luque 2026-04-06 || 6. 27 pts [BASE] J200 R16 J200 Santa Cruz 2025-11-03,points_change_vs_official é o saldo final após recomposição dos 6 melhores resultados; não precisa bater exatamente com live_weighted_points_available - dropped_weighted_points_estimated.
370,370,0,800682923,Clara Gouvea Vieira Elkind,F,BRA,Brazil,2009,245,245,0,188,228,57,false,false,0,0,0,0,0,0,0,0,0,0,0,0,37,1. 36 pts [BASE] J100 SF J100 La Paz 2026-05-11 || 2. 36 pts [BASE] J100 SF J100 Luque 2026-04-06 || 3. 36 pts [BASE] J200 R16 J200 Asuncion 2026-03-30 || 4. 30 pts [BASE] J300 R32 J300 Santa Cruz (South America Regional Championships) 2026-02-23 || 5. 30 pts [BASE] J30 WR J30 Punta del Este 2026-01-19 || 6. 20 pts [BASE] J100 QF J100 Cochabamba 2026-05-18,1. 75 pts [BASE] J100 WR J100 Luque 2026-04-06 || 2. 45 pts [BASE] J100 RU J100 La Paz 2026-05-11 || 3. 27 pts [BASE] J100 SF J100 Cochabamba 2026-05-18 || 4. 27 pts [BASE] J200 R16 J200 Bogota 2025-07-14 || 5. 27 pts [BASE] J100 SF J100 Salinas 2025-06-23 || 6. 27 pts [BASE] J60 RU J60 Salinas 2025-06-16,points_change_vs_official é o saldo final após recomposição dos 6 melhores resultados; não precisa bater exatamente com live_weighted_points_available - dropped_weighted_points_estimated.
398,400,2,800677161,CLARA BORRASCA,F,BRA,Brazil,2009,224.5,224.5,0,144,322,80.5,false,true,0,0,0,0,0,0,0,2,1,1,12,6.75,29,1. 60 pts [BASE] J100 RU J100 Salvador 2025-11-10 || 2. 36 pts [BASE] J200 R16 J200 Asuncion 2026-03-30 || 3. 18 pts [BASE] J60 SF J60 São Paulo 2025-08-25 || 4. 10 pts [BASE] J100 R16 J100 Lima 2026-05-04 || 5. 10 pts [BASE] J60 QF J60 Lima 2026-04-27 || 6. 10 pts [BASE] J60 QF J60 Curitiba 2025-07-07,1. 75 pts [BASE] J300 QF J300 Asuncion 2026-03-02 || 2. 67 pts [BASE] J500 R16 J500 Gaspar 2026-03-16 || 3. 45 pts [BASE] J100 RU J100 Lima 2026-05-04 || 4. 45 pts [BASE] J200 QF J200 Asuncion 2026-03-30 || 5. 45 pts [BASE] J300 R16 J300 Santa Cruz (South America Regional Championships) 2026-02-23 || 6. 45 pts [BASE] J60 WR J60 São Paulo 2025-08-25,points_change_vs_official é o saldo final após recomposição dos 6 melhores resultados; não precisa bater exatamente com live_weighted_points_available - dropped_weighted_points_estimated.
433,433,0,800651913,Beatriz Nahmias Melo Rodrigues,F,BRA,Brazil,2009,210,210,0,171,156,39,false,false,0,0,0,0,0,0,0,0,0,0,0,0,37,1. 45 pts [BASE] J500 R32 J500 Gaspar 2026-03-16 || 2. 36 pts [BASE] J60 RU J60 Concepcion 2025-09-08 || 3. 30 pts [BASE] J300 R32 J300 Santa Cruz (South America Regional Championships) 2026-02-23 || 4. 20 pts [BASE] J100 QF J100 La Paz 2026-05-11 || 5. 20 pts [BASE] J100 QF J100 Chiclayo 2025-11-24 || 6. 20 pts [BASE] J100 QF J100 Salvador 2025-11-10,1. 45 pts [BASE] J60 WR J60 Concepcion 2025-09-08 || 2. 27 pts [BASE] J100 SF J100 Cochabamba 2026-05-18 || 3. 27 pts [BASE] J60 RU J60 Chiclayo 2025-11-17 || 4. 27 pts [BASE] J200 R16 J200 Santa Cruz 2025-11-03 || 5. 15 pts [BASE] J100 QF J100 La Paz 2026-05-11 || 6. 15 pts [BASE] J100 QF J100 Chiclayo 2025-11-24,points_change_vs_official é o saldo final após recomposição dos 6 melhores resultados; não precisa bater exatamente com live_weighted_points_available - dropped_weighted_points_estimated.
474,478,4,800695483,Maria Fernanda Lopes,F,BRA,Brazil,2010,193.5,193.5,0,122,286,71.5,false,false,0,0,0,0,0,0,0,0,0,0,0,0,30,1. 30 pts [BASE] J300 R32 J300 Santa Cruz (South America Regional Championships) 2026-02-23 || 2. 20 pts [BASE] J100 QF J100 Salvador 2025-11-10 || 3. 18 pts [BASE] J60 SF J60 Lima 2026-04-27 || 4. 18 pts [BASE] J200 R32 J200 Santa Cruz 2025-11-03 || 5. 18 pts [BASE] J60 SF J60 Concepcion 2025-09-08 || 6. 18 pts [BASE] J60 SF J60 São Paulo 2025-08-25,1. 75 pts [BASE] J100 WR J100 Salvador 2025-11-10 || 2. 67 pts [BASE] J500 R16 J500 Gaspar 2026-03-16 || 3. 45 pts [BASE] J200 QF J200 Asuncion 2026-03-30 || 4. 45 pts [BASE] J60 WR J60 Itajaí 2025-10-27 || 5. 27 pts [BASE] J100 SF J100 Lima 2026-05-04 || 6. 27 pts [BASE] J60 RU J60 Lima 2026-04-27,points_change_vs_official é o saldo final após recomposição dos 6 melhores resultados; não precisa bater exatamente com live_weighted_points_available - dropped_weighted_points_estimated.
528,,,800656014,Lais Mika Shibata,F,BRA,,,0,13.75,13.75,11,11,2.75,true,false,2,1,1,22,13.75,1,1,0,0,0,0,0,2,1. 11 pts [LIVE] J60 R16 J60 Santa Cruz de la Sierra 2026-06-01,1. 11 pts [LIVE] J60 R16 J60 Santa Cruz de la Sierra 2026-06-01,points_change_vs_official é o saldo final após recomposição dos 6 melhores resultados; não precisa bater exatamente com live_weighted_points_available - dropped_weighted_points_estimated.
576,,,800759123,Manuela Ferreira Banietti,F,BRA,,,0,7.75,7.75,5,11,2.75,true,false,2,1,1,16,7.75,1,1,0,0,0,0,0,2,1. 5 pts [LIVE] J60 R32 J60 Santa Cruz de la Sierra 2026-06-01,1. 11 pts [LIVE] J60 R16 J60 Santa Cruz de la Sierra 2026-06-01,points_change_vs_official é o saldo final após recomposição dos 6 melhores resultados; não precisa bater exatamente com live_weighted_points_available - dropped_weighted_points_estimated.
576,,,800712648,Manuela Medina,F,BRA,,,0,7.75,7.75,5,11,2.75,true,false,2,1,1,16,7.75,1,1,0,0,0,0,0,2,1. 5 pts [LIVE] J60 R32 J60 Santa Cruz de la Sierra 2026-06-01,1. 11 pts [LIVE] J60 R16 J60 Santa Cruz de la Sierra 2026-06-01,points_change_vs_official é o saldo final após recomposição dos 6 melhores resultados; não precisa bater exatamente com live_weighted_points_available - dropped_weighted_points_estimated.
576,,,800711725,Manuela Santos de Mello,F,BRA,,,0,7.75,7.75,5,11,2.75,true,false,2,1,1,16,7.75,1,1,0,0,0,0,0,2,1. 5 pts [LIVE] J60 R32 J60 Santa Cruz de la Sierra 2026-06-01,1. 11 pts [LIVE] J60 R16 J60 Santa Cruz de la Sierra 2026-06-01,points_change_vs_official é o saldo final após recomposição dos 6 melhores resultados; não precisa bater exatamente com live_weighted_points_available - dropped_weighted_points_estimated.
576,,,800721322,Maria Eduarda Ribeiro Pessoa,F,BRA,,,0,7.75,7.75,5,11,2.75,true,false,2,1,1,16,7.75,1,1,0,0,0,0,0,2,1. 5 pts [LIVE] J60 R32 J60 Santa Cruz de la Sierra 2026-06-01,1. 11 pts [LIVE] J60 R16 J60 Santa Cruz de la Sierra 2026-06-01,points_change_vs_official é o saldo final após recomposição dos 6 melhores resultados; não precisa bater exatamente com live_weighted_points_available - dropped_weighted_points_estimated.
649,,,800825797,Beatriz Verissimo Beda,F,BRA,,,0,6.25,6.25,5,5,1.25,true,false,2,1,1,10,6.25,1,1,0,0,0,0,0,2,1. 5 pts [LIVE] J60 R32 J60 Santa Cruz de la Sierra 2026-06-01,1. 5 pts [LIVE] J60 R32 J60 Santa Cruz de la Sierra 2026-06-01,points_change_vs_official é o saldo final após recomposição dos 6 melhores resultados; não precisa bater exatamente com live_weighted_points_available - dropped_weighted_points_estimated.
649,,,800656497,Sophia Santos,F,BRA,,,0,6.25,6.25,5,5,1.25,true,false,2,1,1,10,6.25,1,1,0,0,0,0,0,2,1. 5 pts [LIVE] J60 R32 J60 Santa Cruz de la Sierra 2026-06-01,1. 5 pts [LIVE] J60 R32 J60 Santa Cruz de la Sierra 2026-06-01,points_change_vs_official é o saldo final após recomposição dos 6 melhores resultados; não precisa bater exatamente com live_weighted_points_available - dropped_weighted_points_estimated.
722,,,800797916,Isabela Buttros,F,BRA,,,0,4.75,4.75,2,11,2.75,true,false,2,1,1,13,4.75,1,1,0,0,0,0,0,2,1. 2 pts [LIVE] J60 R64 J60 Santa Cruz de la Sierra 2026-06-01,1. 11 pts [LIVE] J60 R16 J60 Santa Cruz de la Sierra 2026-06-01,points_change_vs_official é o saldo final após recomposição dos 6 melhores resultados; não precisa bater exatamente com live_weighted_points_available - dropped_weighted_points_estimated.
744,,,800758187,Sofia Ferreira Azevedo de Matos,F,BRA,,,0,3.25,3.25,2,5,1.25,true,false,2,1,1,7,3.25,1,1,0,0,0,0,0,2,1. 2 pts [LIVE] J60 R64 J60 Santa Cruz de la Sierra 2026-06-01,1. 5 pts [LIVE] J60 R32 J60 Santa Cruz de la Sierra 2026-06-01,points_change_vs_official é o saldo final após recomposição dos 6 melhores resultados; não precisa bater exatamente com live_weighted_points_available - dropped_weighted_points_estimated.
783,,,800770667,Raffaela Lorenti Ribeiro,F,BRA,,,0,2.75,2.75,0,11,2.75,true,false,1,0,1,11,2.75,0,1,0,0,0,0,0,1,,1. 11 pts [LIVE] J60 R16 J60 Bastad 2026-06-01,points_change_vs_official é o saldo final após recomposição dos 6 melhores resultados; não precisa bater exatamente com live_weighted_points_available - dropped_weighted_points_estimated.
2,4,2,800680259,Luis Guto Miguel,M,BRA,Brazil,2009,2354.25,2405.5,51.25,2070,1342,335.5,true,true,2,1,1,360,225,1,1,2,1,1,135,33.75,19,1. 500 pts [BASE] J500 WR J500 Merida 2025-11-24 || 2. 490 pts [BASE] JGS SF US Open Junior Tennis Championships 2025-08-31 || 3. 300 pts [BASE] JGS QF Australian Open Junior Championships 2026-01-24 || 4. 300 pts [BASE] J300 WR J300 Traralgon 2026-01-16 || 5. 300 pts [BASE] J300 WR J300 Repentigny 2025-08-24 || 6. 180 pts [LIVE] JGS R16 Roland Garros Junior Championships 2026-05-31,1. 375 pts [BASE] J500 WR J500 Milan 2026-05-18 || 2. 225 pts [BASE] JGS QF Australian Open Junior Championships 2026-01-24 || 3. 225 pts [BASE] J300 WR J300 Traralgon 2026-01-16 || 4. 225 pts [BASE] J300 WR J300 Repentigny 2025-08-24 || 5. 180 pts [LIVE] JGS R16 Roland Garros Junior Championships 2026-05-31 || 6. 112 pts [BASE] J500 QF J500 Merida 2025-11-24,points_change_vs_official é o saldo final após recomposição dos 6 melhores resultados; não precisa bater exatamente com live_weighted_points_available - dropped_weighted_points_estimated.
33,39,6,800650301,Pedro Henrique Chabalgoity,M,BRA,Brazil,2008,1129.75,1156,26.25,980,704,176,true,true,2,1,1,270,135,1,1,2,1,1,0,0,30,1. 300 pts [BASE] J300 WR J300 Porto Alegre 2026-03-09 || 2. 210 pts [BASE] J300 RU J300 Santa Cruz (South America Regional Championships) 2026-02-23 || 3. 140 pts [BASE] J300 SF J300 Santa Croce Sull’Arno 2026-05-11 || 4. 140 pts [BASE] J200 RU J200 Gladbeck 2025-06-17 || 5. 100 pts [BASE] J300 QF J300 Asuncion 2026-03-02 || 6. 90 pts [LIVE] JGS R32 Roland Garros Junior Championships 2026-05-31,1. 187 pts [BASE] J500 SF J500 Gaspar 2026-03-16 || 2. 180 pts [LIVE] JGS R16 Roland Garros Junior Championships 2026-05-31 || 3. 112 pts [BASE] J500 QF J500 Milan 2026-05-18 || 4. 75 pts [BASE] J300 QF J300 Porto Alegre 2026-03-09 || 5. 75 pts [BASE] J300 QF J300 Santa Cruz (South America Regional Championships) 2026-02-23 || 6. 75 pts [BASE] J300 QF J300 Barranquilla 2026-01-26,points_change_vs_official é o saldo final após recomposição dos 6 melhores resultados; não precisa bater exatamente com live_weighted_points_available - dropped_weighted_points_estimated.
49,56,7,800676504,Leonardo Storck Franca,M,BRA,Brazil,2009,937.25,1046,108.75,750,1184,296,true,false,2,1,1,360,225,1,1,0,0,0,0,0,31,1. 180 pts [LIVE] JGS R16 Roland Garros Junior Championships 2026-05-31 || 2. 140 pts [BASE] J300 SF J300 Porto Alegre 2026-03-09 || 3. 140 pts [BASE] J200 RU J200 Santiago 2025-09-29 || 4. 100 pts [BASE] J300 QF J300 Santa Croce Sull’Arno 2026-05-11 || 5. 100 pts [BASE] J100 WR J100 Londrina 2025-06-30 || 6. 90 pts [BASE] J500 R16 J500 Offenbach 2026-05-04,1. 375 pts [BASE] J500 WR J500 Milan 2026-05-18 || 2. 225 pts [BASE] J300 WR J300 Santa Croce Sull’Arno 2026-05-11 || 3. 187 pts [BASE] J500 SF J500 Gaspar 2026-03-16 || 4. 180 pts [LIVE] JGS R16 Roland Garros Junior Championships 2026-05-31 || 5. 112 pts [BASE] J500 QF J500 Offenbach 2026-05-04 || 6. 105 pts [BASE] J300 SF J300 Asuncion 2026-03-02,points_change_vs_official é o saldo final após recomposição dos 6 melhores resultados; não precisa bater exatamente com live_weighted_points_available - dropped_weighted_points_estimated.
90,90,0,800629142,Francisco Fontes Damorim,M,BRA,Brazil,2008,710.5,710.5,0,625,342,85.5,false,false,0,0,0,0,0,0,0,0,0,0,0,0,23,1. 300 pts [BASE] J300 WR J300 Plovdiv 2026-04-28 || 2. 100 pts [BASE] J200 SF J200 Hammamet 2026-01-13 || 3. 60 pts [BASE] J200 QF J200 Cap d'Ail 2026-03-30 || 4. 60 pts [BASE] J300 R16 J300 Sanxenxo 2025-09-23 || 5. 60 pts [BASE] J100 RU J100 Barcelona 2025-08-19 || 6. 45 pts [BASE] J500 R32 J500 Offenbach 2026-05-04,1. 150 pts [BASE] J200 WR J200 Haskovo 2026-04-21 || 2. 75 pts [BASE] J300 QF J300 Sanxenxo 2025-09-23 || 3. 45 pts [BASE] J200 QF J200 Cap d'Ail 2026-03-30 || 4. 45 pts [BASE] J300 R16 J300 Bamberg 2025-06-10 || 5. 27 pts [BASE] J100 SF J100 El Prat de Llobregat 2025-09-08 || 6. 0 pts [BASE] J200 R16 J200 Hammamet 2026-01-13,points_change_vs_official é o saldo final após recomposição dos 6 melhores resultados; não precisa bater exatamente com live_weighted_points_available - dropped_weighted_points_estimated.
108,109,1,800716347,Livas Eduardo De Carvalho Damazio,M,BRA,Brazil,2010,620.5,620.5,0,495,502,125.5,false,false,0,0,0,0,0,0,0,0,0,0,0,0,29,1. 140 pts [BASE] J300 SF J300 Santa Cruz (South America Regional Championships) 2026-02-23 || 2. 100 pts [BASE] J100 WR J100 Salvador 2025-11-10 || 3. 90 pts [BASE] J500 R16 J500 Gaspar 2026-03-16 || 4. 60 pts [BASE] J300 R16 J300 Salinas 2026-02-02 || 5. 60 pts [BASE] J300 R16 J300 Barranquilla 2026-01-26 || 6. 45 pts [BASE] J500 R32 J500 Merida 2025-11-24,1. 105 pts [BASE] J300 SF J300 Santa Cruz (South America Regional Championships) 2026-02-23 || 2. 105 pts [BASE] J200 RU J200 Lima 2025-09-22 || 3. 75 pts [BASE] J300 QF J300 Porto Alegre 2026-03-09 || 4. 75 pts [BASE] J300 QF J300 Asuncion 2026-03-02 || 5. 75 pts [BASE] J200 SF J200 Santiago 2025-09-29 || 6. 67 pts [BASE] J500 R16 J500 Gaspar 2026-03-16,points_change_vs_official é o saldo final após recomposição dos 6 melhores resultados; não precisa bater exatamente com live_weighted_points_available - dropped_weighted_points_estimated.
127,127,0,800642706,Pedro Albuquerque Dietrich,M,BRA,Brazil,2008,555.5,555.5,0,400,622,155.5,false,true,0,0,0,0,0,0,0,2,1,1,63,29.25,49,1. 100 pts [BASE] J100 WR J100 Chiclayo 2025-11-24 || 2. 60 pts [BASE] J200 QF J200 Targu Jiu 2026-05-18 || 3. 60 pts [BASE] J200 QF J200 Hanover 2026-05-11 || 4. 60 pts [BASE] J200 QF J200 Asuncion 2026-03-30 || 5. 60 pts [BASE] J300 R16 J300 Asuncion 2026-03-02 || 6. 60 pts [BASE] J300 R16 J300 Santa Cruz (South America Regional Championships) 2026-02-23,1. 150 pts [BASE] J200 WR J200 Lima 2025-09-22 || 2. 112 pts [BASE] J500 QF J500 Gaspar 2026-03-16 || 3. 105 pts [BASE] J300 SF J300 Santa Cruz (South America Regional Championships) 2026-02-23 || 4. 105 pts [BASE] J200 RU J200 Bogota 2025-07-14 || 5. 75 pts [BASE] J300 QF J300 Barranquilla 2026-01-26 || 6. 75 pts [BASE] J100 WR J100 Chiclayo 2025-11-24,points_change_vs_official é o saldo final após recomposição dos 6 melhores resultados; não precisa bater exatamente com live_weighted_points_available - dropped_weighted_points_estimated.
138,138,0,800659871,Felipe Mamede,M,BRA,Brazil,2009,531.25,531.25,0,385,585,146.25,false,false,0,0,0,0,0,0,0,0,0,0,0,0,47,1. 100 pts [BASE] J100 WR J100 Salinas 2025-06-23 || 2. 60 pts [BASE] J300 R16 J300 Asuncion 2026-03-02 || 3. 60 pts [BASE] J300 R16 J300 Santa Cruz (South America Regional Championships) 2026-02-23 || 4. 60 pts [BASE] J300 R16 J300 Lima 2026-02-09 || 5. 60 pts [BASE] J100 RU J100 Cali 2025-07-21 || 6. 45 pts [BASE] J500 R32 J500 Gaspar 2026-03-16,1. 150 pts [BASE] J200 WR J200 Asuncion 2026-03-30 || 2. 105 pts [BASE] J300 SF J300 Asuncion 2026-03-02 || 3. 105 pts [BASE] J200 RU J200 Santa Cruz 2025-11-03 || 4. 75 pts [BASE] J300 QF J300 Santa Cruz (South America Regional Championships) 2026-02-23 || 5. 75 pts [BASE] J300 QF J300 Lima 2026-02-09 || 6. 75 pts [BASE] J300 QF J300 Salinas 2026-02-02,points_change_vs_official é o saldo final após recomposição dos 6 melhores resultados; não precisa bater exatamente com live_weighted_points_available - dropped_weighted_points_estimated.
193,193,0,800710579,Tomas Dummer Macedo,M,BRA,Brazil,2008,423.5,423.5,0,328,382,95.5,false,false,0,0,0,0,0,0,0,0,0,0,0,0,30,1. 100 pts [BASE] J200 SF J200 Asuncion 2026-03-30 || 2. 100 pts [BASE] J300 QF J300 Porto Alegre 2026-03-09 || 3. 60 pts [BASE] J300 R16 J300 Santa Cruz (South America Regional Championships) 2026-02-23 || 4. 30 pts [BASE] J30 WR J30 Porto Alegre 2025-08-11 || 5. 20 pts [BASE] J100 QF J100 Salvador 2025-11-10 || 6. 18 pts [BASE] J60 SF J60 Santiago 2025-09-01,1. 75 pts [BASE] J300 QF J300 Porto Alegre 2026-03-09 || 2. 75 pts [BASE] J300 QF J300 Asuncion 2026-03-02 || 3. 75 pts [BASE] J300 QF J300 Santa Cruz (South America Regional Championships) 2026-02-23 || 4. 67 pts [BASE] J500 R16 J500 Gaspar 2026-03-16 || 5. 45 pts [BASE] J200 QF J200 Asuncion 2026-03-30 || 6. 45 pts [BASE] J60 WR J60 Santiago 2025-09-01,points_change_vs_official é o saldo final após recomposição dos 6 melhores resultados; não precisa bater exatamente com live_weighted_points_available - dropped_weighted_points_estimated.
204,204,0,800684304,Henrique Queiroz,M,BRA,Brazil,2008,400.5,400.5,0,288,450,112.5,false,false,0,0,0,0,0,0,0,0,0,0,0,0,36,1. 60 pts [BASE] J300 R16 J300 Santa Cruz (South America Regional Championships) 2026-02-23 || 2. 60 pts [BASE] J300 R16 J300 Lima 2026-02-09 || 3. 60 pts [BASE] J100 RU J100 Chiclayo 2025-11-24 || 4. 36 pts [BASE] J200 R16 J200 La Paz 2025-11-10 || 5. 36 pts [BASE] J200 R16 J200 Pretoria 2025-09-15 || 6. 36 pts [BASE] J200 R16 J200 Bogota 2025-07-14,1. 75 pts [BASE] J300 QF J300 Porto Alegre 2026-03-09 || 2. 75 pts [BASE] J300 QF J300 Santa Cruz (South America Regional Championships) 2026-02-23 || 3. 75 pts [BASE] J300 QF J300 Lima 2026-02-09 || 4. 75 pts [BASE] J100 WR J100 Chiclayo 2025-11-24 || 5. 75 pts [BASE] J200 SF J200 Pretoria 2025-09-08 || 6. 75 pts [BASE] J200 SF J200 Bogota 2025-07-14,points_change_vs_official é o saldo final após recomposição dos 6 melhores resultados; não precisa bater exatamente com live_weighted_points_available - dropped_weighted_points_estimated.
247,248,1,800652444,Guilherme Barbieri Renner,M,BRA,Brazil,2008,328.5,328.5,0,243,342,85.5,false,true,0,0,0,0,0,0,0,2,1,1,32,21.5,41,1. 60 pts [BASE] J300 R16 J300 Salinas 2026-02-02 || 2. 45 pts [BASE] J500 R32 J500 Gaspar 2026-03-16 || 3. 36 pts [BASE] J100 SF J100 Chiclayo 2025-11-24 || 4. 36 pts [BASE] J100 SF J100 Salvador 2025-11-10 || 5. 36 pts [BASE] J200 R16 J200 Santa Cruz 2025-11-03 || 6. 30 pts [BASE] J300 R32 J300 Santa Cruz (South America Regional Championships) 2026-02-23,1. 75 pts [BASE] J300 QF J300 Lima 2026-02-09 || 2. 75 pts [BASE] J300 QF J300 Salinas 2026-02-02 || 3. 75 pts [BASE] J200 SF J200 Santa Cruz 2025-11-03 || 4. 45 pts [BASE] J300 R16 J300 Santa Cruz (South America Regional Championships) 2026-02-23 || 5. 45 pts [BASE] J200 QF J200 Salta 2025-10-06 || 6. 27 pts [BASE] J100 SF J100 Salvador 2025-11-10,points_change_vs_official é o saldo final após recomposição dos 6 melhores resultados; não precisa bater exatamente com live_weighted_points_available - dropped_weighted_points_estimated.
254,255,1,800675623,Henrique Pissetti Vialle,M,BRA,Brazil,2010,322.75,322.75,0,260,251,62.75,false,true,0,0,0,0,0,0,0,2,1,1,7,1.75,35,1. 100 pts [BASE] J100 WR J100 Lima 2026-05-04 || 2. 60 pts [BASE] J100 RU J100 Punta Cana 2026-05-18 || 3. 36 pts [BASE] J60 RU J60 Lima 2026-04-27 || 4. 36 pts [BASE] J60 RU J60 Zapopan 2026-02-09 || 5. 18 pts [BASE] J60 SF J60 Punta del Este 2025-09-08 || 6. 10 pts [BASE] J60 QF J60 Queretaro 2026-02-02,1. 75 pts [BASE] J100 WR J100 Punta Cana 2026-05-11 || 2. 75 pts [BASE] J100 WR J100 Salvador 2025-11-10 || 3. 45 pts [BASE] J100 RU J100 Punta Cana 2026-05-18 || 4. 27 pts [BASE] J60 RU J60 Curitiba 2025-07-07 || 5. 15 pts [BASE] J100 QF J100 Lima 2026-05-04 || 6. 14 pts [BASE] J60 SF J60 Queretaro 2026-02-02,points_change_vs_official é o saldo final após recomposição dos 6 melhores resultados; não precisa bater exatamente com live_weighted_points_available - dropped_weighted_points_estimated.
295,295,0,800696001,Carlos Eduardo Lino,M,BRA,Brazil,2009,282.75,282.75,0,236,187,46.75,false,true,0,0,0,0,0,0,0,2,1,1,17,11.75,31,1. 100 pts [BASE] J300 QF J300 Asuncion 2026-03-02 || 2. 36 pts [BASE] J200 R16 J200 Asuncion 2026-03-30 || 3. 36 pts [BASE] J60 RU J60 Itajaí 2025-10-27 || 4. 36 pts [BASE] J60 RU J60 Limelette 2025-06-30 || 5. 18 pts [BASE] J30 RU J30 Brussels 2025-06-23 || 6. 10 pts [BASE] J100 R16 J100 Salvador 2025-11-10,1. 67 pts [BASE] J500 R16 J500 Gaspar 2026-03-16 || 2. 45 pts [BASE] J300 R16 J300 Santa Cruz (South America Regional Championships) 2026-02-23 || 3. 27 pts [BASE] J100 SF J100 Luque 2026-04-06 || 4. 27 pts [BASE] J100 SF J100 Salvador 2025-11-10 || 5. 14 pts [BASE] J60 SF J60 Limelette 2025-06-30 || 6. 7 pts [BASE] J60 QF J60 Itajaí 2025-10-27,points_change_vs_official é o saldo final após recomposição dos 6 melhores resultados; não precisa bater exatamente com live_weighted_points_available - dropped_weighted_points_estimated.
309,310,1,800807255,Rafael Augusto Garcia Finetto,M,BRA,Brazil,2008,259.5,259.5,0,209,202,50.5,false,true,0,0,0,0,0,0,0,2,1,1,19,8.5,31,1. 90 pts [BASE] J500 R16 J500 Gaspar 2026-03-16 || 2. 36 pts [BASE] J60 RU J60 Quito 2025-09-08 || 3. 30 pts [BASE] J300 R32 J300 Santa Cruz (South America Regional Championships) 2026-02-23 || 4. 30 pts [BASE] J30 WR J30 Quito 2025-09-15 || 5. 18 pts [BASE] J200 R32 J200 La Paz 2025-11-10 || 6. 5 pts [BASE] J60  J60 San Jose 2026-01-12,1. 45 pts [BASE] J300 R16 J300 Santa Cruz (South America Regional Championships) 2026-02-23 || 2. 45 pts [BASE] J60 WR J60 Quito 2025-09-08 || 3. 45 pts [BASE] J60 WR J60 Pretoria 2025-06-09 || 4. 27 pts [BASE] J200 R16 J200 La Paz 2025-11-10 || 5. 25 pts [BASE] J30 WR J30 Quito 2025-09-15 || 6. 15 pts [BASE] J100 QF J100 Londrina 2025-06-30,points_change_vs_official é o saldo final após recomposição dos 6 melhores resultados; não precisa bater exatamente com live_weighted_points_available - dropped_weighted_points_estimated.
340,344,4,800680033,Pietro Gava,M,BRA,Brazil,2009,236.5,236.5,0,170,266,66.5,true,false,2,1,1,16,7.75,0,0,0,0,0,0,0,37,1. 60 pts [BASE] J60 WR J60 Tarija 2026-05-25 || 2. 36 pts [BASE] J60 RU J60 Lambare 2025-07-14 || 3. 20 pts [BASE] J100 QF J100 Cochabamba 2026-05-18 || 4. 18 pts [BASE] J60 SF J60 Trujillo 2026-02-23 || 5. 18 pts [BASE] J30 RU J30 Foz Do Iguacu 2025-10-20 || 6. 18 pts [BASE] J30 RU J30 Serra Negra 2025-08-18,1. 75 pts [BASE] J300 QF J300 Lima 2026-02-09 || 2. 67 pts [BASE] J500 R16 J500 Gaspar 2026-03-16 || 3. 45 pts [BASE] J100 RU J100 Cochabamba 2026-05-18 || 4. 27 pts [BASE] J100 SF J100 Mendoza 2026-03-23 || 5. 27 pts [BASE] J60 RU J60 São Paulo 2025-08-25 || 6. 25 pts [BASE] J30 WR J30 Luque 2025-07-07,points_change_vs_official é o saldo final após recomposição dos 6 melhores resultados; não precisa bater exatamente com live_weighted_points_available - dropped_weighted_points_estimated.
380,381,1,800742444,Victor Pignaton,M,BRA,Brazil,2010,214.5,212.5,-2,158,218,54.5,false,true,0,0,0,0,0,0,0,2,1,1,20,20,27,1. 36 pts [BASE] J100 SF J100 Punta Cana 2026-05-18 || 2. 36 pts [BASE] J60 RU J60 San Jose 2026-01-12 || 3. 30 pts [BASE] J30 WR J30 Tegucigalpa 2025-09-01 || 4. 20 pts [BASE] J100 QF J100 Punta Cana 2026-05-11 || 5. 18 pts [BASE] J60 SF J60 Punta Cana 2026-04-06 || 6. 18 pts [BASE] J60 SF J60 Bari 2025-10-06,1. 75 pts [BASE] J200 SF J200 Punta Cana 2026-02-09 || 2. 45 pts [BASE] J100 RU J100 Punta Cana 2026-05-18 || 3. 45 pts [BASE] J60 WR J60 Punta Cana 2026-03-30 || 4. 25 pts [BASE] J30 WR J30 Tegucigalpa 2025-09-01 || 5. 14 pts [BASE] J60 SF J60 Pescara 2025-09-29 || 6. 14 pts [BASE] J60 SF J60 Tegucigalpa 2025-09-08,points_change_vs_official é o saldo final após recomposição dos 6 melhores resultados; não precisa bater exatamente com live_weighted_points_available - dropped_weighted_points_estimated.
384,389,5,800661962,Rafael Gama,M,BRA,Brazil,2009,209.5,210.75,1.25,180,123,30.75,true,true,2,1,1,27,13.5,1,1,2,1,1,3,0.75,20,1. 60 pts [BASE] J60 WR J60 Santa Tecla 2026-05-25 || 2. 36 pts [BASE] J60 RU J60 Punta Cana 2026-03-30 || 3. 36 pts [BASE] J60 RU J60 Bayamón 2026-03-09 || 4. 30 pts [BASE] J30 WR J30 Managua 2025-09-15 || 5. 9 pts [LIVE] J100 R32 J100 Guatemala 2026-06-01 || 6. 9 pts [BASE] J30 SF J30 Bayamón 2026-03-16,1. 27 pts [BASE] J60 RU J60 Punta Cana 2026-04-06 || 2. 25 pts [BASE] J30 WR J30 Managua 2025-09-22 || 3. 25 pts [BASE] J30 WR J30 Managua 2025-09-15 || 4. 18 pts [LIVE] J100 R16 J100 Guatemala 2026-06-01 || 5. 14 pts [BASE] J60 SF J60 Punta Cana 2026-03-30 || 6. 14 pts [BASE] J60 SF J60 Bayamón 2026-03-09,points_change_vs_official é o saldo final após recomposição dos 6 melhores resultados; não precisa bater exatamente com live_weighted_points_available - dropped_weighted_points_estimated.
396,401,5,800695229,Lucas Castan Moscatto,M,BRA,Brazil,2009,201.75,201.75,0,174,111,27.75,false,true,0,0,0,0,0,0,0,2,1,1,5,5,42,1. 60 pts [BASE] J300 R16 J300 Lima 2026-02-09 || 2. 36 pts [BASE] J60 RU J60 São Paulo 2025-08-25 || 3. 30 pts [BASE] J300 R32 J300 Santa Cruz (South America Regional Championships) 2026-02-23 || 4. 20 pts [BASE] J100 QF J100 San Jose 2026-05-04 || 5. 18 pts [BASE] J60 SF J60 Concepcion 2025-09-08 || 6. 10 pts [BASE] J100 R16 J100 La Paz 2026-05-11,1. 45 pts [BASE] J100 RU J100 Luque 2026-04-06 || 2. 15 pts [BASE] J100 QF J100 La Paz 2026-05-11 || 3. 15 pts [BASE] J100 QF J100 San Jose 2026-05-04 || 4. 15 pts [BASE] J100 QF J100 Chiclayo 2025-11-24 || 5. 14 pts [BASE] J60 SF J60 Concepcion 2025-09-08 || 6. 7 pts [BASE] J60 QF J60 Chiclayo 2025-11-17,points_change_vs_official é o saldo final após recomposição dos 6 melhores resultados; não precisa bater exatamente com live_weighted_points_available - dropped_weighted_points_estimated.
404,409,5,800653617,Joao Cunha Cunha,M,BRA,Brazil,2008,196.75,196.75,0,170,107,26.75,false,false,0,0,0,0,0,0,0,0,0,0,0,0,28,1. 60 pts [BASE] J100 RU J100 La Paz 2026-05-11 || 2. 60 pts [BASE] J300 R16 J300 Porto Alegre 2026-03-09 || 3. 20 pts [BASE] J100 QF J100 Cochabamba 2026-05-18 || 4. 10 pts [BASE] J60 QF J60 Tarija 2026-05-25 || 5. 10 pts [BASE] J60 QF J60 Guatemala 2026-02-09 || 6. 10 pts [BASE] J60 QF J60 Santo Domingo 2025-09-29,1. 45 pts [BASE] J100 RU J100 Cochabamba 2026-05-18 || 2. 27 pts [BASE] J100 SF J100 La Paz 2026-05-11 || 3. 15 pts [BASE] J100 QF J100 Salvador 2025-11-10 || 4. 7 pts [BASE] J60 QF J60 Tarija 2026-05-25 || 5. 7 pts [BASE] J60 QF J60 Guatemala 2026-02-09 || 6. 6 pts [BASE] J30 SF J30 Porto Alegre 2025-08-11,points_change_vs_official é o saldo final após recomposição dos 6 melhores resultados; não precisa bater exatamente com live_weighted_points_available - dropped_weighted_points_estimated.
459,459,0,800752829,Pedro Queiroz,M,BRA,Brazil,2009,172.5,172.5,0,145,110,27.5,false,true,0,0,0,0,0,0,0,2,1,1,0,0,35,1. 36 pts [BASE] J100 SF J100 Cochabamba 2026-05-18 || 2. 36 pts [BASE] J100 SF J100 La Paz 2026-05-11 || 3. 36 pts [BASE] J60 RU J60 San Luis Potosi 2026-02-16 || 4. 18 pts [BASE] J200 R32 J200 La Paz 2025-11-10 || 5. 10 pts [BASE] J60 QF J60 Tarija 2026-05-25 || 6. 9 pts [BASE] J30 SF J30 Cochabamba 2026-04-06,1. 27 pts [BASE] J60 RU J60 Santa Cruz 2026-04-13 || 2. 27 pts [BASE] J200 R16 J200 La Paz 2025-11-10 || 3. 15 pts [BASE] J100 QF J100 La Paz 2026-05-11 || 4. 14 pts [BASE] J60 SF J60 Tarija 2026-05-25 || 5. 14 pts [BASE] J60 SF J60 Curitiba 2025-07-07 || 6. 13 pts [BASE] J30 RU J30 Vacaria 2025-08-04,points_change_vs_official é o saldo final após recomposição dos 6 melhores resultados; não precisa bater exatamente com live_weighted_points_available - dropped_weighted_points_estimated.
480,482,2,800684702,Mateus Nogueira,M,BRA,Brazil,2008,161,163,2,136,108,27,true,false,2,1,1,16,7.75,0,1,0,0,0,0,0,42,1. 36 pts [BASE] J60 RU J60 Punta del Este 2025-09-08 || 2. 36 pts [BASE] J60 RU J60 Santiago 2025-08-25 || 3. 18 pts [BASE] J200 R32 J200 Santa Cruz 2025-11-03 || 4. 18 pts [BASE] J30 RU J30 Punta del Este 2025-09-15 || 5. 18 pts [BASE] J200 R32 J200 Bogota 2025-07-14 || 6. 10 pts [BASE] J60 QF J60 Tarija 2026-05-25,1. 45 pts [BASE] J60 WR J60 Tarija 2026-05-25 || 2. 25 pts [BASE] J30 WR J30 Lima 2025-06-16 || 3. 14 pts [BASE] J60 SF J60 Santiago 2025-08-25 || 4. 11 pts [LIVE] J60 R16 J60 Santa Cruz de la Sierra 2026-06-01 || 5. 7 pts [BASE] J60 QF J60 Itajaí 2025-10-27 || 6. 6 pts [BASE] J30 SF J30 Lima 2025-06-09,points_change_vs_official é o saldo final após recomposição dos 6 melhores resultados; não precisa bater exatamente com live_weighted_points_available - dropped_weighted_points_estimated.
482,481,-1,800737788,Bruno Rodrigues,M,BRA,Brazil,2008,162.5,161.5,-1,111,202,50.5,false,true,0,0,0,0,0,0,0,2,1,1,24,13.5,25,1. 30 pts [BASE] J300 R32 J300 Santa Cruz (South America Regional Championships) 2026-02-23 || 2. 18 pts [BASE] J200 R32 J200 La Paz 2025-11-10 || 3. 18 pts [BASE] J200 R32 J200 Santa Cruz 2025-11-03 || 4. 18 pts [BASE] J60 SF J60 Quito 2025-09-08 || 5. 18 pts [BASE] J60 SF J60 Curitiba 2025-07-07 || 6. 9 pts [BASE] J30 SF J30 Quito 2025-09-15,1. 45 pts [BASE] J300 R16 J300 Santa Cruz (South America Regional Championships) 2026-02-23 || 2. 45 pts [BASE] J60 WR J60 Quito 2025-09-08 || 3. 45 pts [BASE] J60 WR J60 Pretoria 2025-06-09 || 4. 27 pts [BASE] J200 R16 J200 La Paz 2025-11-10 || 5. 25 pts [BASE] J30 WR J30 Quito 2025-09-15 || 6. 15 pts [BASE] J100 QF J100 Londrina 2025-06-30,points_change_vs_official é o saldo final após recomposição dos 6 melhores resultados; não precisa bater exatamente com live_weighted_points_available - dropped_weighted_points_estimated.
505,,,800695208,Enzo Badotti Cariani,M,BRA,,,0,22.5,22.5,18,18,4.5,true,false,2,1,1,36,22.5,1,1,0,0,0,0,0,2,1. 18 pts [LIVE] J100 R16 J100 Guatemala 2026-06-01,1. 18 pts [LIVE] J100 R16 J100 Guatemala 2026-06-01,points_change_vs_official é o saldo final após recomposição dos 6 melhores resultados; não precisa bater exatamente com live_weighted_points_available - dropped_weighted_points_estimated.
505,,,800710161,Nicolas Brandao,M,BRA,,,0,22.5,22.5,18,18,4.5,true,false,2,1,1,36,22.5,1,1,0,0,0,0,0,2,1. 18 pts [LIVE] J100 R16 J100 Guatemala 2026-06-01,1. 18 pts [LIVE] J100 R16 J100 Guatemala 2026-06-01,points_change_vs_official é o saldo final após recomposição dos 6 melhores resultados; não precisa bater exatamente com live_weighted_points_available - dropped_weighted_points_estimated.
531,,,800746955,Daniel Wendel,M,BRA,,,0,13.75,13.75,11,11,2.75,true,false,2,1,1,22,13.75,1,1,0,0,0,0,0,2,1. 11 pts [LIVE] J60 R16 J60 Santa Cruz de la Sierra 2026-06-01,1. 11 pts [LIVE] J60 R16 J60 Santa Cruz de la Sierra 2026-06-01,points_change_vs_official é o saldo final após recomposição dos 6 melhores resultados; não precisa bater exatamente com live_weighted_points_available - dropped_weighted_points_estimated.
569,,,800654974,Joao Jardim Nogueira,M,BRA,,,0,9.5,9.5,5,18,4.5,true,false,2,1,1,23,9.5,1,1,0,0,0,0,0,2,1. 5 pts [LIVE] J60 R32 J60 Santa Cruz de la Sierra 2026-06-01,1. 18 pts [LIVE] J60 QF J60 Santa Cruz de la Sierra 2026-06-01,points_change_vs_official é o saldo final após recomposição dos 6 melhores resultados; não precisa bater exatamente com live_weighted_points_available - dropped_weighted_points_estimated.
582,,,800697121,Dante Monte,M,BRA,,,0,7.75,7.75,5,11,2.75,true,false,2,1,1,16,7.75,1,1,0,0,0,0,0,2,1. 5 pts [LIVE] J60 R32 J60 Santa Cruz de la Sierra 2026-06-01,1. 11 pts [LIVE] J60 R16 J60 Santa Cruz de la Sierra 2026-06-01,points_change_vs_official é o saldo final após recomposição dos 6 melhores resultados; não precisa bater exatamente com live_weighted_points_available - dropped_weighted_points_estimated.
582,,,800778222,HENRIQUE PERRONE CUSTODIO,M,BRA,,,0,7.75,7.75,5,11,2.75,true,false,2,1,1,16,7.75,1,1,0,0,0,0,0,2,1. 5 pts [LIVE] J60 R32 J60 Santa Cruz de la Sierra 2026-06-01,1. 11 pts [LIVE] J60 R16 J60 Santa Cruz de la Sierra 2026-06-01,points_change_vs_official é o saldo final após recomposição dos 6 melhores resultados; não precisa bater exatamente com live_weighted_points_available - dropped_weighted_points_estimated.
582,,,800684389,JOAO GABRIEL Galhardo de Carvalho,M,BRA,,,0,7.75,7.75,5,11,2.75,true,false,2,1,1,16,7.75,1,1,0,0,0,0,0,2,1. 5 pts [LIVE] J60 R32 J60 Santa Cruz de la Sierra 2026-06-01,1. 11 pts [LIVE] J60 R16 J60 Santa Cruz de la Sierra 2026-06-01,points_change_vs_official é o saldo final após recomposição dos 6 melhores resultados; não precisa bater exatamente com live_weighted_points_available - dropped_weighted_points_estimated.
582,,,800718285,Matheus Menegazzo,M,BRA,,,0,7.75,7.75,5,11,2.75,true,false,2,1,1,16,7.75,1,1,0,0,0,0,0,2,1. 5 pts [LIVE] J60 R32 J60 Santa Cruz de la Sierra 2026-06-01,1. 11 pts [LIVE] J60 R16 J60 Santa Cruz de la Sierra 2026-06-01,points_change_vs_official é o saldo final após recomposição dos 6 melhores resultados; não precisa bater exatamente com live_weighted_points_available - dropped_weighted_points_estimated.
646,,,800826359,Bernardo Ferreira,M,BRA,,,0,6.25,6.25,5,5,1.25,true,false,2,1,1,10,6.25,1,1,0,0,0,0,0,2,1. 5 pts [LIVE] J60 R32 J60 Santa Cruz de la Sierra 2026-06-01,1. 5 pts [LIVE] J60 R32 J60 Santa Cruz de la Sierra 2026-06-01,points_change_vs_official é o saldo final após recomposição dos 6 melhores resultados; não precisa bater exatamente com live_weighted_points_available - dropped_weighted_points_estimated.
767,,,800785340,Mateo Fernandez,M,BRA,,,0,4.75,4.75,2,11,2.75,true,false,2,1,1,13,4.75,1,1,0,0,0,0,0,2,1. 2 pts [LIVE] J60 R64 J60 Santa Cruz de la Sierra 2026-06-01,1. 11 pts [LIVE] J60 R16 J60 Santa Cruz de la Sierra 2026-06-01,points_change_vs_official é o saldo final após recomposição dos 6 melhores resultados; não precisa bater exatamente com live_weighted_points_available - dropped_weighted_points_estimated.
767,,,800714622,Miguel Ferraz,M,BRA,,,0,4.75,4.75,2,11,2.75,true,false,2,1,1,13,4.75,1,1,0,0,0,0,0,2,1. 2 pts [LIVE] J60 R64 J60 Santa Cruz de la Sierra 2026-06-01,1. 11 pts [LIVE] J60 R16 J60 Santa Cruz de la Sierra 2026-06-01,points_change_vs_official é o saldo final após recomposição dos 6 melhores resultados; não precisa bater exatamente com live_weighted_points_available - dropped_weighted_points_estimated.
790,,,800795463,Gabriel Campagnoli Passarelle De Oliveira,M,BRA,,,0,3.25,3.25,2,5,1.25,true,false,2,1,1,7,3.25,1,1,0,0,0,0,0,2,1. 2 pts [LIVE] J60 R64 J60 Santa Cruz de la Sierra 2026-06-01,1. 5 pts [LIVE] J60 R32 J60 Santa Cruz de la Sierra 2026-06-01,points_change_vs_official é o saldo final após recomposição dos 6 melhores resultados; não precisa bater exatamente com live_weighted_points_available - dropped_weighted_points_estimated.
790,,,800718890,Gustavo Fernandes,M,BRA,,,0,3.25,3.25,2,5,1.25,true,false,2,1,1,7,3.25,1,1,0,0,0,0,0,2,1. 2 pts [LIVE] J60 R64 J60 Santa Cruz de la Sierra 2026-06-01,1. 5 pts [LIVE] J60 R32 J60 Santa Cruz de la Sierra 2026-06-01,points_change_vs_official é o saldo final após recomposição dos 6 melhores resultados; não precisa bater exatamente com live_weighted_points_available - dropped_weighted_points_estimated.
841,,,800754660,Davi Leao Werkema Campos,M,BRA,,,0,2,2,2,0,0,true,false,1,1,0,2,2,1,0,0,0,0,0,0,1,1. 2 pts [LIVE] J60 R64 J60 Santa Cruz de la Sierra 2026-06-01,,points_change_vs_official é o saldo final após recomposição dos 6 melhores resultados; não precisa bater exatamente com live_weighted_points_available - dropped_weighted_points_estimated.
841,,,800695732,Guilherme Castanho do Val,M,BRA,,,0,2,2,2,0,0,true,false,1,1,0,2,2,1,0,0,0,0,0,0,1,1. 2 pts [LIVE] J60 R64 J60 Santa Cruz de la Sierra 2026-06-01,,points_change_vs_official é o saldo final após recomposição dos 6 melhores resultados; não precisa bater exatamente com live_weighted_points_available - dropped_weighted_points_estimated.
